record,width,height,clears,overlays,depth,opaque,delta,mode,pixels_mean,copy_pixels_mean,cpu_median_us,cpu_p95_us,model_refresh_median_us,model_refresh_p95_us,white_interval_median_us,white_interval_p95_us,input_median_us,input_p95_us,cleanup_cpu_us,cleanup_model_us,allocations,max_write_age,missing_white,exclusion_capacity
redraw_case,240,320,1,0,0,0,2,0,76800,0,202,444,61440,61440,61440,61440,61440,61440,0,0,0,0,0,16
redraw_case,240,320,1,0,0,0,2,1,25559,0,149,277,21164,21555,21164,21555,21164,21555,186,61440,0,19,0,16
redraw_case,240,320,1,0,0,0,2,2,480,76320,146,176,384,384,20000,260000,384,384,0,0,0,0,200,16
redraw_case,240,320,1,0,0,0,8,0,76800,0,193,602,61440,61440,61440,61440,61440,61440,0,0,0,0,0,16
redraw_case,240,320,1,0,0,0,8,1,25559,0,110,321,21164,21555,21164,21555,21164,21555,720,61440,0,19,0,16
redraw_case,240,320,1,0,0,0,8,2,1920,74880,190,234,1536,1536,80000,80000,1536,1536,0,0,0,0,207,16
redraw_case,240,320,1,0,0,0,24,0,76800,0,213,579,61440,61440,61440,61440,61440,61440,0,0,0,0,0,16
redraw_case,240,320,1,0,0,0,24,1,25556,0,81,259,21164,21555,21164,21555,21164,21555,574,61440,0,19,0,16
redraw_case,240,320,1,0,0,0,24,2,5760,71040,130,217,4608,4608,20000,40000,4608,4608,0,0,0,0,75,16
redraw_case,240,320,1,0,0,1,2,0,76800,0,97,108,61440,61440,61440,61440,61440,61440,0,0,0,0,0,16
redraw_case,240,320,1,0,0,1,2,1,76800,0,97,115,61440,61440,61440,61440,61440,61440,95,61440,0,0,0,16
redraw_case,240,320,1,0,0,1,2,2,480,76320,111,123,384,384,20000,20000,384,384,0,0,0,0,0,16
redraw_case,240,320,1,0,0,1,8,0,76800,0,89,94,61440,61440,61440,61440,61440,61440,0,0,0,0,0,16
redraw_case,240,320,1,0,0,1,8,1,76800,0,88,94,61440,61440,61440,61440,61440,61440,80,61440,0,0,0,16
redraw_case,240,320,1,0,0,1,8,2,1920,74880,105,117,1536,1536,20000,20000,1536,1536,0,0,0,0,0,16
redraw_case,240,320,1,0,0,1,24,0,76800,0,86,97,61440,61440,61440,61440,61440,61440,0,0,0,0,0,16
redraw_case,240,320,1,0,0,1,24,1,76800,0,92,122,61440,61440,61440,61440,61440,61440,87,61440,0,0,0,16
redraw_case,240,320,1,0,0,1,24,2,5760,71040,105,125,4608,4608,20000,20000,4608,4608,0,0,0,0,0,16
redraw_case,240,320,1,0,1,0,2,0,76800,0,491,900,61440,61440,61440,61440,61440,61440,0,0,0,0,0,16
redraw_case,240,320,1,0,1,0,2,1,25999,0,303,461,21312,21881,21313,21882,21312,21882,247,61440,0,19,0,16
redraw_case,240,320,1,0,1,0,2,2,76800,0,542,792,61440,61440,61440,61440,61440,61440,0,0,0,0,0,16
redraw_case,240,320,1,0,1,0,8,0,76800,0,432,1035,61440,61440,61440,61440,61440,61440,0,0,0,0,0,16
redraw_case,240,320,1,0,1,0,8,1,26095,0,451,836,21491,21881,21491,21882,21491,21882,1433,61440,0,19,0,16
redraw_case,240,320,1,0,1,0,8,2,76800,0,614,1426,61440,61440,61440,61440,61440,61440,0,0,0,0,0,16
redraw_case,240,320,1,0,1,0,24,0,76800,0,303,809,61440,61440,61440,61440,61440,61440,0,0,0,0,0,16
redraw_case,240,320,1,0,1,0,24,1,26152,0,260,537,21491,21881,21491,21881,21491,21881,782,61440,0,19,0,16
redraw_case,240,320,1,0,1,0,24,2,76800,0,292,750,61440,61440,61440,61440,61440,61440,0,0,0,0,0,16
redraw_case,240,320,1,0,1,1,2,0,76800,0,265,304,61440,61440,61440,61440,61440,61440,0,0,0,0,0,1
redraw_case,240,320,1,0,1,1,2,1,76800,0,255,273,61440,61440,61440,61440,61440,61440,229,61440,0,0,0,2
redraw_case,240,320,1,0,1,1,2,2,76800,0,240,262,61440,61440,61440,61440,61440,61440,0,0,0,0,0,1
redraw_case,240,320,1,0,1,1,8,0,76800,0,225,239,61440,61440,61440,61440,61440,61440,0,0,0,0,0,1
redraw_case,240,320,1,0,1,1,8,1,76800,0,228,246,61440,61440,61440,61440,61440,61440,214,61440,0,0,0,2
redraw_case,240,320,1,0,1,1,8,2,76800,0,224,257,61440,61440,61440,61440,61440,61440,0,0,0,0,0,1
redraw_case,240,320,1,0,1,1,24,0,76800,0,214,245,61440,61440,61440,61440,61440,61440,0,0,0,0,0,1
redraw_case,240,320,1,0,1,1,24,1,76800,0,214,224,61440,61440,61440,61440,61440,61440,209,61440,0,0,0,2
redraw_case,240,320,1,0,1,1,24,2,76800,0,212,226,61440,61440,61440,61440,61440,61440,0,0,0,0,0,1
redraw_case,240,320,1,0,3,0,2,0,76800,0,426,623,61440,61440,61440,61440,61440,61440,0,0,0,0,0,16
redraw_case,240,320,1,0,3,0,2,1,25999,0,285,423,21312,21881,21313,21882,21312,21882,268,61440,0,19,0,16
redraw_case,240,320,1,0,3,0,2,2,76800,0,424,632,61440,61440,61440,61440,61440,61440,0,0,0,0,0,16
redraw_case,240,320,1,0,3,0,8,0,76800,0,246,625,61440,61440,61440,61440,61440,61440,0,0,0,0,0,16
redraw_case,240,320,1,0,3,0,8,1,26095,0,224,395,21491,21881,21491,21882,21491,21882,605,61440,0,19,0,16
redraw_case,240,320,1,0,3,0,8,2,76800,0,260,630,61440,61440,61440,61440,61440,61440,0,0,0,0,0,16
redraw_case,240,320,1,0,3,0,24,0,76800,0,360,733,61440,61440,61440,61440,61440,61440,0,0,0,0,0,16
redraw_case,240,320,1,0,3,0,24,1,26152,0,243,476,21491,21881,21491,21881,21491,21881,671,61440,0,19,0,16
redraw_case,240,320,1,0,3,0,24,2,76800,0,323,727,61440,61440,61440,61440,61440,61440,0,0,0,0,0,16
redraw_case,240,320,1,0,3,1,2,0,76800,0,255,325,61440,61440,61440,61440,61440,61440,0,0,0,0,0,1
redraw_case,240,320,1,0,3,1,2,1,76800,0,263,377,61440,61440,61440,61440,61440,61440,233,61440,0,0,0,2
redraw_case,240,320,1,0,3,1,2,2,76800,0,268,351,61440,61440,61440,61440,61440,61440,0,0,0,0,0,1
redraw_case,240,320,1,0,3,1,8,0,76800,0,280,329,61440,61440,61440,61440,61440,61440,0,0,0,0,0,1
redraw_case,240,320,1,0,3,1,8,1,76800,0,341,403,61440,61440,61440,61440,61440,61440,320,61440,0,0,0,2
redraw_case,240,320,1,0,3,1,8,2,76800,0,329,366,61440,61440,61440,61440,61440,61440,0,0,0,0,0,1
redraw_case,240,320,1,0,3,1,24,0,76800,0,455,524,61440,61440,61440,61440,61440,61440,0,0,0,0,0,1
redraw_case,240,320,1,0,3,1,24,1,76800,0,354,383,61440,61440,61440,61440,61440,61440,321,61440,0,0,0,2
redraw_case,240,320,1,0,3,1,24,2,76800,0,336,546,61440,61440,61440,61440,61440,61440,0,0,0,0,0,1
redraw_case,240,320,1,8,0,0,2,0,76800,0,184,826,61440,61440,61440,61440,61440,61440,0,0,0,0,0,16
redraw_case,240,320,1,8,0,0,2,1,25559,0,129,357,21164,21555,21164,21555,21165,21555,105,61440,0,19,0,16
redraw_case,240,320,1,8,0,0,2,2,480,76320,111,155,384,384,20000,260000,384,384,0,0,0,0,200,16
redraw_case,240,320,1,8,0,0,8,0,76800,0,106,575,61440,61440,61440,61440,61440,61440,0,0,0,0,0,16
redraw_case,240,320,1,8,0,0,8,1,25559,0,58,315,21164,21555,21164,21556,21164,21555,585,61440,0,19,0,16
redraw_case,240,320,1,8,0,0,8,2,1920,74880,100,154,1536,1536,80000,80000,1536,1536,0,0,0,0,207,16
redraw_case,240,320,1,8,0,0,24,0,76800,0,105,579,61440,61440,61440,61440,61440,61440,0,0,0,0,0,16
redraw_case,240,320,1,8,0,0,24,1,25556,0,56,313,21164,21555,21165,21555,21165,21555,574,61440,0,19,0,16
redraw_case,240,320,1,8,0,0,24,2,5760,71040,93,176,4608,4608,20000,40000,4608,4608,0,0,0,0,75,16
redraw_case,240,320,1,8,0,1,2,0,76800,0,80,226,61440,61440,61440,61440,61440,61440,0,0,0,0,0,16
redraw_case,240,320,1,8,0,1,2,1,76800,0,76,219,61440,61440,61440,61440,61440,61440,65,61440,0,0,0,16
redraw_case,240,320,1,8,0,1,2,2,480,76320,84,102,384,384,20000,20000,384,384,0,0,0,0,0,16
redraw_case,240,320,1,8,0,1,8,0,76800,0,66,200,61440,61440,61440,61440,61440,61440,0,0,0,0,0,16
redraw_case,240,320,1,8,0,1,8,1,76800,0,69,206,61440,61440,61440,61440,61440,61440,211,61440,0,0,0,16
redraw_case,240,320,1,8,0,1,8,2,1920,74880,85,103,1536,1536,20000,20000,1536,1536,0,0,0,0,0,16
redraw_case,240,320,1,8,0,1,24,0,76800,0,69,208,61440,61440,61440,61440,61440,61440,0,0,0,0,0,16
redraw_case,240,320,1,8,0,1,24,1,76800,0,71,211,61440,61440,61440,61440,61440,61440,211,61440,0,0,0,16
redraw_case,240,320,1,8,0,1,24,2,5760,71040,81,104,4608,4608,20000,20000,4608,4608,0,0,0,0,0,16
redraw_case,240,320,1,8,1,0,2,0,76800,0,405,859,61440,61440,61440,61440,61440,61440,0,0,0,0,0,16
redraw_case,240,320,1,8,1,0,2,1,25999,0,425,679,21312,21881,21313,21882,21313,21882,278,61440,0,19,0,16
redraw_case,240,320,1,8,1,0,2,2,76800,0,467,1011,61440,61440,61440,61440,61440,61440,0,0,0,0,0,16
redraw_case,240,320,1,8,1,0,8,0,76800,0,248,886,61440,61440,61440,61440,61440,61440,0,0,0,0,0,16
redraw_case,240,320,1,8,1,0,8,1,26095,0,216,458,21491,21881,21491,21882,21491,21882,813,61440,0,19,0,16
redraw_case,240,320,1,8,1,0,8,2,76800,0,237,829,61440,61440,61440,61440,61440,61440,0,0,0,0,0,16
redraw_case,240,320,1,8,1,0,24,0,76800,0,241,856,61440,61440,61440,61440,61440,61440,0,0,0,0,0,16
redraw_case,240,320,1,8,1,0,24,1,26152,0,213,463,21491,21881,21491,21882,21491,21882,856,61440,0,19,0,16
redraw_case,240,320,1,8,1,0,24,2,76800,0,250,857,61440,61440,61440,61440,61440,61440,0,0,0,0,0,16
redraw_case,240,320,1,8,1,1,2,0,76800,0,243,418,61440,61440,61440,61440,61440,61440,0,0,0,0,0,1
redraw_case,240,320,1,8,1,1,2,1,76800,0,263,519,61440,61440,61440,61440,61440,61440,227,61440,0,0,0,2
redraw_case,240,320,1,8,1,1,2,2,76800,0,288,444,61440,61440,61440,61440,61440,61440,0,0,0,0,0,1
redraw_case,240,320,1,8,1,1,8,0,76800,0,234,406,61440,61440,61440,61440,61440,61440,0,0,0,0,0,1
redraw_case,240,320,1,8,1,1,8,1,76800,0,231,396,61440,61440,61440,61440,61440,61440,381,61440,0,0,0,2
redraw_case,240,320,1,8,1,1,8,2,76800,0,237,397,61440,61440,61440,61440,61440,61440,0,0,0,0,0,1
redraw_case,240,320,1,8,1,1,24,0,76800,0,222,401,61440,61440,61440,61440,61440,61440,0,0,0,0,0,1
redraw_case,240,320,1,8,1,1,24,1,76800,0,246,421,61440,61440,61440,61440,61440,61440,404,61440,0,0,0,2
redraw_case,240,320,1,8,1,1,24,2,76800,0,234,413,61440,61440,61440,61440,61440,61440,0,0,0,0,0,1
redraw_case,240,320,1,8,3,0,2,0,76800,0,473,925,61440,61440,61440,61440,61440,61440,0,0,0,0,0,16
redraw_case,240,320,1,8,3,0,2,1,25999,0,372,538,21312,21881,21313,21882,21313,21882,259,61440,0,19,0,16
redraw_case,240,320,1,8,3,0,2,2,76800,0,473,917,61440,61440,61440,61440,61440,61440,0,0,0,0,0,16
redraw_case,240,320,1,8,3,0,8,0,76800,0,267,875,61440,61440,61440,61440,61440,61440,0,0,0,0,0,16
redraw_case,240,320,1,8,3,0,8,1,26095,0,247,503,21491,21881,21491,21882,21491,21882,878,61440,0,19,0,16
redraw_case,240,320,1,8,3,0,8,2,76800,0,282,920,61440,61440,61440,61440,61440,61440,0,0,0,0,0,16
redraw_case,240,320,1,8,3,0,24,0,76800,0,315,1003,61440,61440,61440,61440,61440,61440,0,0,0,0,0,16
redraw_case,240,320,1,8,3,0,24,1,26152,0,283,595,21491,21881,21491,21882,21491,21882,990,61440,0,19,0,16
redraw_case,240,320,1,8,3,0,24,2,76800,0,297,967,61440,61440,61440,61440,61440,61440,0,0,0,0,0,16
redraw_case,240,320,1,8,3,1,2,0,76800,0,308,466,61440,61440,61440,61440,61440,61440,0,0,0,0,0,1
redraw_case,240,320,1,8,3,1,2,1,76800,0,306,477,61440,61440,61440,61440,61440,61440,270,61440,0,0,0,2
redraw_case,240,320,1,8,3,1,2,2,76800,0,292,457,61440,61440,61440,61440,61440,61440,0,0,0,0,0,1
redraw_case,240,320,1,8,3,1,8,0,76800,0,260,434,61440,61440,61440,61440,61440,61440,0,0,0,0,0,1
redraw_case,240,320,1,8,3,1,8,1,76800,0,271,448,61440,61440,61440,61440,61440,61440,473,61440,0,0,0,2
redraw_case,240,320,1,8,3,1,8,2,76800,0,269,434,61440,61440,61440,61440,61440,61440,0,0,0,0,0,1
redraw_case,240,320,1,8,3,1,24,0,76800,0,257,440,61440,61440,61440,61440,61440,61440,0,0,0,0,0,1
redraw_case,240,320,1,8,3,1,24,1,76800,0,264,437,61440,61440,61440,61440,61440,61440,412,61440,0,0,0,2
redraw_case,240,320,1,8,3,1,24,2,76800,0,258,436,61440,61440,61440,61440,61440,61440,0,0,0,0,0,1
redraw_case,240,320,1,32,0,0,2,0,76800,0,552,1241,61440,61440,61440,61440,61440,61440,0,0,0,0,0,16
redraw_case,240,320,1,32,0,0,2,1,25559,0,353,540,21164,21555,21164,21555,21165,21555,212,61440,0,19,0,16
redraw_case,240,320,1,32,0,0,2,2,480,76320,90,101,384,384,20000,260000,384,384,0,0,0,0,200,16
redraw_case,240,320,1,32,0,0,8,0,76800,0,252,1278,61440,61440,61440,61440,61440,61440,0,0,0,0,0,16
redraw_case,240,320,1,32,0,0,8,1,25559,0,165,508,21164,21555,21164,21556,21164,21555,1315,61440,0,19,0,16
redraw_case,240,320,1,32,0,0,8,2,1920,74880,103,143,1536,1536,80000,80000,1536,1536,0,0,0,0,207,16
redraw_case,240,320,1,32,0,0,24,0,76800,0,246,1341,61440,61440,61440,61491,61440,61440,0,0,0,0,0,16
redraw_case,240,320,1,32,0,0,24,1,25556,0,173,518,21164,21555,21164,21555,21164,21555,1373,61440,0,19,0,16
redraw_case,240,320,1,32,0,0,24,2,5760,71040,107,233,4608,4608,20000,40000,4608,4608,0,0,0,0,75,16
redraw_case,240,320,1,32,0,1,2,0,76800,0,527,983,61440,61440,61440,61440,61440,61440,0,0,0,0,0,16
redraw_case,240,320,1,32,0,1,2,1,76800,0,507,965,61440,61440,61440,61440,61440,61440,181,61440,0,0,0,16
redraw_case,240,320,1,32,0,1,2,2,480,76320,91,98,384,384,20000,20000,384,384,0,0,0,0,0,16
redraw_case,240,320,1,32,0,1,8,0,76800,0,180,874,61440,61440,61440,61440,61440,61440,0,0,0,0,0,16
redraw_case,240,320,1,32,0,1,8,1,76800,0,175,865,61440,61440,61440,61440,61440,61440,864,61440,0,0,0,16
redraw_case,240,320,1,32,0,1,8,2,1920,74880,93,145,1536,1536,20000,20000,1536,1536,0,0,0,0,0,16
redraw_case,240,320,1,32,0,1,24,0,76800,0,191,918,61440,61440,61440,61440,61440,61440,0,0,0,0,0,16
redraw_case,240,320,1,32,0,1,24,1,76800,0,201,955,61440,61440,61440,61440,61440,61440,964,61440,0,0,0,16
redraw_case,240,320,1,32,0,1,24,2,5760,71040,95,160,4608,4608,20000,20000,4608,4608,0,0,0,0,0,16
redraw_case,240,320,1,32,1,0,2,0,76800,0,814,1475,61440,61440,61440,61440,61440,61440,0,0,0,0,0,16
redraw_case,240,320,1,32,1,0,2,1,25999,0,510,648,21312,21881,21313,21881,21313,21881,345,61440,0,19,0,16
redraw_case,240,320,1,32,1,0,2,2,76800,0,865,1610,61440,61440,61440,61440,61440,61440,0,0,0,0,0,16
redraw_case,240,320,1,32,1,0,8,0,76800,0,395,1590,61440,61440,61440,61446,61440,61440,0,0,0,0,0,16
redraw_case,240,320,1,32,1,0,8,1,26095,0,362,694,21491,21881,21491,21882,21491,21882,1645,61440,0,19,0,16
redraw_case,240,320,1,32,1,0,8,2,76800,0,419,1719,61440,61440,61440,61446,61440,61440,0,0,0,0,0,16
redraw_case,240,320,1,32,1,0,24,0,76800,0,442,1763,61440,61440,61440,61491,61440,61440,0,0,0,0,0,16
redraw_case,240,320,1,32,1,0,24,1,26152,0,379,801,21491,21881,21491,21882,21491,21882,1892,61440,0,19,0,16
redraw_case,240,320,1,32,1,0,24,2,76800,0,439,1768,61440,61440,61440,61491,61440,61440,0,0,0,0,0,16
redraw_case,240,320,1,32,1,1,2,0,76800,0,759,1263,61440,61440,61440,61440,61440,61440,0,0,0,0,0,1
redraw_case,240,320,1,32,1,1,2,1,76800,0,702,1174,61440,61440,61440,61440,61440,61440,342,61440,0,0,0,2
redraw_case,240,320,1,32,1,1,2,2,76800,0,703,1133,61440,61440,61440,61440,61440,61440,0,0,0,0,0,1
redraw_case,240,320,1,32,1,1,8,0,76800,0,364,1102,61440,61440,61440,61440,61440,61440,0,0,0,0,0,1
redraw_case,240,320,1,32,1,1,8,1,76800,0,389,1104,61440,61440,61440,61440,61440,61440,1072,61440,0,0,0,2
redraw_case,240,320,1,32,1,1,8,2,76800,0,380,1121,61440,61440,61440,61440,61440,61440,0,0,0,0,0,1
redraw_case,240,320,1,32,1,1,24,0,76800,0,374,1149,61440,61440,61440,61440,61440,61440,0,0,0,0,0,1
redraw_case,240,320,1,32,1,1,24,1,76800,0,472,1184,61440,61440,61440,61440,61440,61440,1113,61440,0,0,0,2
redraw_case,240,320,1,32,1,1,24,2,76800,0,368,1137,61440,61440,61440,61440,61440,61440,0,0,0,0,0,1
redraw_case,240,320,1,32,3,0,2,0,76800,0,963,1664,61440,61440,61440,61440,61440,61440,0,0,0,0,0,16
redraw_case,240,320,1,32,3,0,2,1,25999,0,639,817,21312,21881,21313,21881,21313,21881,447,61440,0,19,0,16
redraw_case,240,320,1,32,3,0,2,2,76800,0,1015,1946,61440,61440,61440,61440,61440,61440,0,0,0,0,0,16
redraw_case,240,320,1,32,3,0,8,0,76800,0,417,1640,61440,61440,61440,61446,61440,61440,0,0,0,0,0,16
redraw_case,240,320,1,32,3,0,8,1,26095,0,388,741,21491,21881,21491,21882,21491,21882,1726,61440,0,19,0,16
redraw_case,240,320,1,32,3,0,8,2,76800,0,638,2124,61440,61440,61440,61446,61440,61440,0,0,0,0,0,16
redraw_case,240,320,1,32,3,0,24,0,76800,0,552,2102,61440,61440,61440,61491,61440,61440,0,0,0,0,0,16
redraw_case,240,320,1,32,3,0,24,1,26152,0,468,886,21491,21881,21491,21882,21491,21882,1949,61440,0,19,0,16
redraw_case,240,320,1,32,3,0,24,2,76800,0,501,1823,61440,61440,61440,61491,61440,61440,0,0,0,0,0,16
redraw_case,240,320,1,32,3,1,2,0,76800,0,1073,1533,61440,61440,61440,61440,61440,61440,0,0,0,0,0,1
redraw_case,240,320,1,32,3,1,2,1,76800,0,923,1530,61440,61440,61440,61440,61440,61440,486,61440,0,0,0,2
redraw_case,240,320,1,32,3,1,2,2,76800,0,864,1482,61440,61440,61440,61440,61440,61440,0,0,0,0,0,1
redraw_case,240,320,1,32,3,1,8,0,76800,0,426,1237,61440,61440,61440,61440,61440,61440,0,0,0,0,0,1
redraw_case,240,320,1,32,3,1,8,1,76800,0,428,1187,61440,61440,61440,61440,61440,61440,1177,61440,0,0,0,2
redraw_case,240,320,1,32,3,1,8,2,76800,0,429,1196,61440,61440,61440,61440,61440,61440,0,0,0,0,0,1
redraw_case,240,320,1,32,3,1,24,0,76800,0,400,1178,61440,61440,61440,61440,61440,61440,0,0,0,0,0,1
redraw_case,240,320,1,32,3,1,24,1,76800,0,407,1155,61440,61440,61440,61440,61440,61440,1133,61440,0,0,0,2
redraw_case,240,320,1,32,3,1,24,2,76800,0,395,1131,61440,61440,61440,61440,61440,61440,0,0,0,0,0,1
redraw_case,240,320,20,0,0,0,2,0,76800,0,258,553,61440,61440,61440,61440,61440,61440,0,0,0,0,0,32
redraw_case,240,320,20,0,0,0,2,1,22855,0,171,238,18259,18470,20000,20000,18260,18470,208,61440,0,19,0,32
redraw_case,240,320,20,0,0,0,2,2,480,76320,93,101,384,384,20000,260000,384,384,0,0,0,0,200,32
redraw_case,240,320,20,0,0,0,8,0,76800,0,212,490,61440,61440,61440,61440,61440,61440,0,0,0,0,0,32
redraw_case,240,320,20,0,0,0,8,1,22858,0,149,215,18259,18470,20000,20000,18260,18471,506,61440,0,19,0,32
redraw_case,240,320,20,0,0,0,8,2,1920,74880,93,108,1536,1536,80000,80000,1536,1536,0,0,0,0,207,32
redraw_case,240,320,20,0,0,0,24,0,76800,0,203,478,61440,61440,61440,61440,61440,61440,0,0,0,0,0,32
redraw_case,240,320,20,0,0,0,24,1,22857,0,195,291,18259,18470,20000,20000,18260,18471,708,61440,0,19,0,32
redraw_case,240,320,20,0,0,0,24,2,5760,71040,114,186,4608,4608,20000,40000,4608,4608,0,0,0,0,75,32
redraw_case,240,320,20,0,0,1,2,0,76800,0,81,129,61440,61440,61440,61440,61440,61440,0,0,0,0,0,32
redraw_case,240,320,20,0,0,1,2,1,76800,0,91,105,61440,61440,61440,61440,61440,61440,80,61440,0,0,0,32
redraw_case,240,320,20,0,0,1,2,2,480,76320,97,124,384,384,20000,20000,384,384,0,0,0,0,0,32
redraw_case,240,320,20,0,0,1,8,0,76800,0,78,83,61440,61440,61440,61440,61440,61440,0,0,0,0,0,32
redraw_case,240,320,20,0,0,1,8,1,76800,0,83,95,61440,61440,61440,61440,61440,61440,81,61440,0,0,0,32
redraw_case,240,320,20,0,0,1,8,2,1920,74880,88,98,1536,1536,20000,20000,1536,1536,0,0,0,0,0,32
redraw_case,240,320,20,0,0,1,24,0,76800,0,74,89,61440,61440,61440,61440,61440,61440,0,0,0,0,0,32
redraw_case,240,320,20,0,0,1,24,1,76800,0,80,86,61440,61440,61440,61440,61440,61440,73,61440,0,0,0,32
redraw_case,240,320,20,0,0,1,24,2,5760,71040,89,121,4608,4608,20000,20000,4608,4608,0,0,0,0,0,32
redraw_case,240,320,20,0,1,0,2,0,76800,0,619,1165,61440,61440,61440,61440,61440,61440,0,0,0,0,0,16
redraw_case,240,320,20,0,1,0,2,1,27215,0,436,551,21865,22226,21866,22226,21865,22226,443,61440,0,19,0,16
redraw_case,240,320,20,0,1,0,2,2,76800,0,789,1058,61440,61440,61440,61440,61440,61440,0,0,0,0,0,16
redraw_case,240,320,20,0,1,0,8,0,76800,0,472,932,61440,61440,61440,61440,61440,61440,0,0,0,0,0,16
redraw_case,240,320,20,0,1,0,8,1,27177,0,377,482,21830,22120,21830,22121,21830,22121,878,61440,0,19,0,16
redraw_case,240,320,20,0,1,0,8,2,76800,0,498,972,61440,61440,61440,61440,61440,61440,0,0,0,0,0,16
redraw_case,240,320,20,0,1,0,24,0,76800,0,454,927,61440,61440,61440,61440,61440,61440,0,0,0,0,0,16
redraw_case,240,320,20,0,1,0,24,1,27224,0,403,504,21830,22120,21830,22121,21830,22121,930,61440,0,19,0,16
redraw_case,240,320,20,0,1,0,24,2,76800,0,475,966,61440,61440,61440,61440,61440,61440,0,0,0,0,0,16
redraw_case,240,320,20,0,1,1,2,0,76800,0,344,499,61440,61440,61440,61440,61440,61440,0,0,0,0,0,1
redraw_case,240,320,20,0,1,1,2,1,76800,0,309,375,61440,61440,61440,61440,61440,61440,345,61440,0,0,0,2
redraw_case,240,320,20,0,1,1,2,2,76800,0,354,456,61440,61440,61440,61440,61440,61440,0,0,0,0,0,1
redraw_case,240,320,20,0,1,1,8,0,76800,0,338,480,61440,61440,61440,61440,61440,61440,0,0,0,0,0,1
redraw_case,240,320,20,0,1,1,8,1,76800,0,296,323,61440,61440,61440,61440,61440,61440,371,61440,0,0,0,2
redraw_case,240,320,20,0,1,1,8,2,76800,0,375,417,61440,61440,61440,61440,61440,61440,0,0,0,0,0,1
redraw_case,240,320,20,0,1,1,24,0,76800,0,338,362,61440,61440,61440,61440,61440,61440,0,0,0,0,0,1
redraw_case,240,320,20,0,1,1,24,1,76800,0,340,432,61440,61440,61440,61440,61440,61440,537,61440,0,0,0,2
redraw_case,240,320,20,0,1,1,24,2,76800,0,411,447,61440,61440,61440,61440,61440,61440,0,0,0,0,0,1
redraw_case,240,320,20,0,3,0,2,0,76800,0,787,1093,61440,61440,61440,61440,61440,61440,0,0,0,0,0,16
redraw_case,240,320,20,0,3,0,2,1,27215,0,551,758,21865,22226,21866,22226,21865,22226,507,61440,0,19,0,16
redraw_case,240,320,20,0,3,0,2,2,76800,0,905,1676,61440,61440,61440,61440,61440,61440,0,0,0,0,0,16
redraw_case,240,320,20,0,3,0,8,0,76800,0,858,1611,61440,61440,61440,61440,61440,61440,0,0,0,0,0,16
redraw_case,240,320,20,0,3,0,8,1,27177,0,552,681,21830,22120,21830,22121,21830,22121,1141,61440,0,19,0,16
redraw_case,240,320,20,0,3,0,8,2,76800,0,572,1396,61440,61440,61440,61440,61440,61440,0,0,0,0,0,16
redraw_case,240,320,20,0,3,0,24,0,76800,0,495,973,61440,61440,61440,61440,61440,61440,0,0,0,0,0,16
redraw_case,240,320,20,0,3,0,24,1,27224,0,445,613,21830,22120,21830,22121,21830,22121,953,61440,0,19,0,16
redraw_case,240,320,20,0,3,0,24,2,76800,0,465,902,61440,61440,61440,61440,61440,61440,0,0,0,0,0,16
redraw_case,240,320,20,0,3,1,2,0,76800,0,334,355,61440,61440,61440,61440,61440,61440,0,0,0,0,0,1
redraw_case,240,320,20,0,3,1,2,1,76800,0,303,327,61440,61440,61440,61440,61440,61440,338,61440,0,0,0,2
redraw_case,240,320,20,0,3,1,2,2,76800,0,339,358,61440,61440,61440,61440,61440,61440,0,0,0,0,0,1
redraw_case,240,320,20,0,3,1,8,0,76800,0,320,368,61440,61440,61440,61440,61440,61440,0,0,0,0,0,1
redraw_case,240,320,20,0,3,1,8,1,76800,0,291,307,61440,61440,61440,61440,61440,61440,311,61440,0,0,0,2
redraw_case,240,320,20,0,3,1,8,2,76800,0,329,356,61440,61440,61440,61440,61440,61440,0,0,0,0,0,1
redraw_case,240,320,20,0,3,1,24,0,76800,0,320,369,61440,61440,61440,61440,61440,61440,0,0,0,0,0,1
redraw_case,240,320,20,0,3,1,24,1,76800,0,300,321,61440,61440,61440,61440,61440,61440,339,61440,0,0,0,2
redraw_case,240,320,20,0,3,1,24,2,76800,0,352,455,61440,61440,61440,61440,61440,61440,0,0,0,0,0,1
redraw_case,240,320,20,8,0,0,2,0,76800,0,281,637,61440,61440,61440,61440,61440,61440,0,0,0,0,0,32
redraw_case,240,320,20,8,0,0,2,1,22855,0,200,362,18259,18470,20000,20000,18260,18470,241,61440,0,19,0,32
redraw_case,240,320,20,8,0,0,2,2,480,76320,103,120,384,384,20000,260000,384,384,0,0,0,0,200,32
redraw_case,240,320,20,8,0,0,8,0,76800,0,214,631,61440,61440,61440,61440,61440,61440,0,0,0,0,0,32
redraw_case,240,320,20,8,0,0,8,1,22858,0,152,303,18259,18470,20000,20000,18260,18471,645,61440,0,19,0,32
redraw_case,240,320,20,8,0,0,8,2,1920,74880,97,117,1536,1536,80000,80000,1536,1536,0,0,0,0,207,32
redraw_case,240,320,20,8,0,0,24,0,76800,0,204,598,61440,61440,61440,61440,61440,61440,0,0,0,0,0,32
redraw_case,240,320,20,8,0,0,24,1,22857,0,151,304,18259,18470,20000,20000,18260,18471,674,61440,0,19,0,32
redraw_case,240,320,20,8,0,0,24,2,5760,71040,118,209,4608,4608,20000,40000,4608,4608,0,0,0,0,75,32
redraw_case,240,320,20,8,0,1,2,0,76800,0,85,239,61440,61440,61440,61440,61440,61440,0,0,0,0,0,32
redraw_case,240,320,20,8,0,1,2,1,76800,0,95,247,61440,61440,61440,61440,61440,61440,81,61440,0,0,0,32
redraw_case,240,320,20,8,0,1,2,2,480,76320,93,109,384,384,20000,20000,384,384,0,0,0,0,0,32
redraw_case,240,320,20,8,0,1,8,0,76800,0,77,221,61440,61440,61440,61440,61440,61440,0,0,0,0,0,32
redraw_case,240,320,20,8,0,1,8,1,76800,0,82,229,61440,61440,61440,61440,61440,61440,227,61440,0,0,0,32
redraw_case,240,320,20,8,0,1,8,2,1920,74880,92,152,1536,1536,20000,20000,1536,1536,0,0,0,0,0,32
redraw_case,240,320,20,8,0,1,24,0,76800,0,77,228,61440,61440,61440,61440,61440,61440,0,0,0,0,0,32
redraw_case,240,320,20,8,0,1,24,1,76800,0,79,226,61440,61440,61440,61440,61440,61440,229,61440,0,0,0,32
redraw_case,240,320,20,8,0,1,24,2,5760,71040,87,110,4608,4608,20000,20000,4608,4608,0,0,0,0,0,32
redraw_case,240,320,20,8,1,0,2,0,76800,0,592,983,61440,61440,61440,61440,61440,61440,0,0,0,0,0,16
redraw_case,240,320,20,8,1,0,2,1,27215,0,390,527,21865,22226,21865,22226,21865,22226,380,61440,0,19,0,16
redraw_case,240,320,20,8,1,0,2,2,76800,0,668,1041,61440,61440,61440,61440,61440,61440,0,0,0,0,0,16
redraw_case,240,320,20,8,1,0,8,0,76800,0,496,1085,61440,61440,61440,61440,61440,61440,0,0,0,0,0,16
redraw_case,240,320,20,8,1,0,8,1,27177,0,668,1005,21830,22120,21830,22121,21830,22121,1486,61440,0,19,0,16
redraw_case,240,320,20,8,1,0,8,2,76800,0,616,1370,61440,61440,61440,61440,61440,61440,0,0,0,0,0,16
redraw_case,240,320,20,8,1,0,24,0,76800,0,539,1274,61440,61440,61440,61440,61440,61440,0,0,0,0,0,16
redraw_case,240,320,20,8,1,0,24,1,27224,0,448,622,21830,22120,21830,22121,21830,22121,1169,61440,0,19,0,16
redraw_case,240,320,20,8,1,0,24,2,76800,0,472,1089,61440,61440,61440,61440,61440,61440,0,0,0,0,0,16
redraw_case,240,320,20,8,1,1,2,0,76800,0,325,619,61440,61440,61440,61440,61440,61440,0,0,0,0,0,1
redraw_case,240,320,20,8,1,1,2,1,76800,0,277,432,61440,61440,61440,61440,61440,61440,285,61440,0,0,0,2
redraw_case,240,320,20,8,1,1,2,2,76800,0,325,485,61440,61440,61440,61440,61440,61440,0,0,0,0,0,1
redraw_case,240,320,20,8,1,1,8,0,76800,0,297,463,61440,61440,61440,61440,61440,61440,0,0,0,0,0,1
redraw_case,240,320,20,8,1,1,8,1,76800,0,255,431,61440,61440,61440,61440,61440,61440,454,61440,0,0,0,2
redraw_case,240,320,20,8,1,1,8,2,76800,0,308,484,61440,61440,61440,61440,61440,61440,0,0,0,0,0,1
redraw_case,240,320,20,8,1,1,24,0,76800,0,296,472,61440,61440,61440,61440,61440,61440,0,0,0,0,0,1
redraw_case,240,320,20,8,1,1,24,1,76800,0,250,422,61440,61440,61440,61440,61440,61440,439,61440,0,0,0,2
redraw_case,240,320,20,8,1,1,24,2,76800,0,263,414,61440,61440,61440,61440,61440,61440,0,0,0,0,0,1
redraw_case,240,320,20,8,3,0,2,0,76800,0,590,946,61440,61440,61440,61440,61440,61440,0,0,0,0,0,16
redraw_case,240,320,20,8,3,0,2,1,27215,0,466,614,21865,22226,21866,22226,21866,22226,431,61440,0,19,0,16
redraw_case,240,320,20,8,3,0,2,2,76800,0,653,1044,61440,61440,61440,61440,61440,61440,0,0,0,0,0,16
redraw_case,240,320,20,8,3,0,8,0,76800,0,595,1091,61440,61440,61440,61440,61440,61440,0,0,0,0,0,16
redraw_case,240,320,20,8,3,0,8,1,27177,0,410,576,21830,22120,21830,22121,21830,22121,1030,61440,0,19,0,16
redraw_case,240,320,20,8,3,0,8,2,76800,0,468,1032,61440,61440,61440,61440,61440,61440,0,0,0,0,0,16
redraw_case,240,320,20,8,3,0,24,0,76800,0,428,980,61440,61440,61440,61440,61440,61440,0,0,0,0,0,16
redraw_case,240,320,20,8,3,0,24,1,27224,0,400,572,21830,22120,21830,22121,21830,22121,998,61440,0,19,0,16
redraw_case,240,320,20,8,3,0,24,2,76800,0,445,1004,61440,61440,61440,61440,61440,61440,0,0,0,0,0,16
redraw_case,240,320,20,8,3,1,2,0,76800,0,423,609,61440,61440,61440,61440,61440,61440,0,0,0,0,0,1
redraw_case,240,320,20,8,3,1,2,1,76800,0,391,581,61440,61440,61440,61440,61440,61440,723,61440,0,0,0,2
redraw_case,240,320,20,8,3,1,2,2,76800,0,581,820,61440,61440,61440,61440,61440,61440,0,0,0,0,0,1
redraw_case,240,320,20,8,3,1,8,0,76800,0,396,609,61440,61440,61440,61440,61440,61440,0,0,0,0,0,1
redraw_case,240,320,20,8,3,1,8,1,76800,0,343,539,61440,61440,61440,61440,61440,61440,557,61440,0,0,0,2
redraw_case,240,320,20,8,3,1,8,2,76800,0,394,582,61440,61440,61440,61440,61440,61440,0,0,0,0,0,1
redraw_case,240,320,20,8,3,1,24,0,76800,0,378,599,61440,61440,61440,61440,61440,61440,0,0,0,0,0,1
redraw_case,240,320,20,8,3,1,24,1,76800,0,323,506,61440,61440,61440,61440,61440,61440,544,61440,0,0,0,2
redraw_case,240,320,20,8,3,1,24,2,76800,0,351,536,61440,61440,61440,61440,61440,61440,0,0,0,0,0,1
redraw_case,240,320,20,32,0,0,2,0,76800,0,541,1034,61440,61440,61440,61440,61440,61440,0,0,0,0,0,32
redraw_case,240,320,20,32,0,0,2,1,22855,0,232,401,18259,18470,20000,20001,18260,18470,295,61440,0,19,0,32
redraw_case,240,320,20,32,0,0,2,2,480,76320,95,119,384,384,20000,260000,384,384,0,0,0,0,200,32
redraw_case,240,320,20,32,0,0,8,0,76800,0,275,972,61440,61440,61440,61440,61440,61440,0,0,0,0,0,32
redraw_case,240,320,20,32,0,0,8,1,22858,0,158,352,18259,18470,20000,20001,18260,18471,985,61440,0,19,0,32
redraw_case,240,320,20,32,0,0,8,2,1920,74880,91,120,1536,1536,80000,80000,1536,1536,0,0,0,0,207,32
redraw_case,240,320,20,32,0,0,24,0,76800,0,259,912,61440,61440,61440,61491,61440,61440,0,0,0,0,0,32
redraw_case,240,320,20,32,0,0,24,1,22857,0,140,351,18259,18470,20000,20052,18260,18471,966,61440,0,19,0,32
redraw_case,240,320,20,32,0,0,24,2,5760,71040,97,187,4608,4608,20000,40000,4608,4608,0,0,0,0,75,32
redraw_case,240,320,20,32,0,1,2,0,76800,0,417,781,61440,61440,61440,61440,61440,61440,0,0,0,0,0,32
redraw_case,240,320,20,32,0,1,2,1,76800,0,423,784,61440,61440,61440,61440,61440,61440,159,61440,0,0,0,32
redraw_case,240,320,20,32,0,1,2,2,480,76320,77,84,384,384,20000,20000,384,384,0,0,0,0,0,32
redraw_case,240,320,20,32,0,1,8,0,76800,0,193,857,61440,61440,61440,61440,61440,61440,0,0,0,0,0,32
redraw_case,240,320,20,32,0,1,8,1,76800,0,177,831,61440,61440,61440,61440,61440,61440,820,61440,0,0,0,32
redraw_case,240,320,20,32,0,1,8,2,1920,74880,86,104,1536,1536,20000,20000,1536,1536,0,0,0,0,0,32
redraw_case,240,320,20,32,0,1,24,0,76800,0,169,800,61440,61440,61440,61440,61440,61440,0,0,0,0,0,32
redraw_case,240,320,20,32,0,1,24,1,76800,0,173,788,61440,61440,61440,61440,61440,61440,789,61440,0,0,0,32
redraw_case,240,320,20,32,0,1,24,2,5760,71040,83,137,4608,4608,20000,20000,4608,4608,0,0,0,0,0,32
redraw_case,240,320,20,32,1,0,2,0,76800,0,760,1205,61440,61440,61440,61440,61440,61440,0,0,0,0,0,16
redraw_case,240,320,20,32,1,0,2,1,27215,0,468,602,21865,22226,21865,22226,21865,22226,444,61440,0,19,0,16
redraw_case,240,320,20,32,1,0,2,2,76800,0,853,1320,61440,61440,61440,61440,61440,61440,0,0,0,0,0,16
redraw_case,240,320,20,32,1,0,8,0,76800,0,538,1513,61440,61440,61440,61446,61440,61440,0,0,0,0,0,16
redraw_case,240,320,20,32,1,0,8,1,27177,0,448,767,21830,22120,21830,22121,21830,22121,1757,61440,0,19,0,16
redraw_case,240,320,20,32,1,0,8,2,76800,0,586,1545,61440,61440,61440,61446,61440,61440,0,0,0,0,0,16
redraw_case,240,320,20,32,1,0,24,0,76800,0,526,1480,61440,61440,61440,61491,61440,61440,0,0,0,0,0,16
redraw_case,240,320,20,32,1,0,24,1,27224,0,405,678,21830,22120,21830,22121,21830,22121,1513,61440,0,19,0,16
redraw_case,240,320,20,32,1,0,24,2,76800,0,563,1583,61440,61440,61440,61491,61440,61440,0,0,0,0,0,16
redraw_case,240,320,20,32,1,1,2,0,76800,0,899,1449,61440,61440,61440,61440,61440,61440,0,0,0,0,0,1
redraw_case,240,320,20,32,1,1,2,1,76800,0,806,1275,61440,61440,61440,61440,61440,61440,464,61440,0,0,0,2
redraw_case,240,320,20,32,1,1,2,2,76800,0,791,1240,61440,61440,61440,61440,61440,61440,0,0,0,0,0,1
redraw_case,240,320,20,32,1,1,8,0,76800,0,430,1164,61440,61440,61440,61440,61440,61440,0,0,0,0,0,1
redraw_case,240,320,20,32,1,1,8,1,76800,0,410,1073,61440,61440,61440,61440,61440,61440,1088,61440,0,0,0,2
redraw_case,240,320,20,32,1,1,8,2,76800,0,425,1115,61440,61440,61440,61440,61440,61440,0,0,0,0,0,1
redraw_case,240,320,20,32,1,1,24,0,76800,0,415,1143,61440,61440,61440,61440,61440,61440,0,0,0,0,0,1
redraw_case,240,320,20,32,1,1,24,1,76800,0,368,1070,61440,61440,61440,61440,61440,61440,1075,61440,0,0,0,2
redraw_case,240,320,20,32,1,1,24,2,76800,0,402,1105,61440,61440,61440,61440,61440,61440,0,0,0,0,0,1
redraw_case,240,320,20,32,3,0,2,0,76800,0,923,1441,61440,61440,61440,61440,61440,61440,0,0,0,0,0,16
redraw_case,240,320,20,32,3,0,2,1,27215,0,554,709,21865,22226,21865,22226,21865,22226,509,61440,0,19,0,16
redraw_case,240,320,20,32,3,0,2,2,76800,0,939,1429,61440,61440,61440,61440,61440,61440,0,0,0,0,0,16
redraw_case,240,320,20,32,3,0,8,0,76800,0,508,1382,61440,61440,61440,61446,61440,61440,0,0,0,0,0,16
redraw_case,240,320,20,32,3,0,8,1,27177,0,355,607,21830,22120,21830,22121,21830,22121,1238,61440,0,19,0,16
redraw_case,240,320,20,32,3,0,8,2,76800,0,494,1336,61440,61440,61440,61446,61440,61440,0,0,0,0,0,16
redraw_case,240,320,20,32,3,0,24,0,76800,0,480,1300,61440,61440,61440,61491,61440,61440,0,0,0,0,0,16
redraw_case,240,320,20,32,3,0,24,1,27224,0,400,656,21830,22120,21830,22121,21830,22121,1330,61440,0,19,0,16
redraw_case,240,320,20,32,3,0,24,2,76800,0,535,1419,61440,61440,61440,61491,61440,61440,0,0,0,0,0,16
redraw_case,240,320,20,32,3,1,2,0,76800,0,817,1230,61440,61440,61440,61440,61440,61440,0,0,0,0,0,1
redraw_case,240,320,20,32,3,1,2,1,76800,0,784,1204,61440,61440,61440,61440,61440,61440,624,61440,0,0,0,2
redraw_case,240,320,20,32,3,1,2,2,76800,0,845,1250,61440,61440,61440,61440,61440,61440,0,0,0,0,0,1
redraw_case,240,320,20,32,3,1,8,0,76800,0,504,1215,61440,61440,61440,61440,61440,61440,0,0,0,0,0,1
redraw_case,240,320,20,32,3,1,8,1,76800,0,486,1221,61440,61440,61440,61440,61440,61440,1216,61440,0,0,0,2
redraw_case,240,320,20,32,3,1,8,2,76800,0,605,1455,61440,61440,61440,61440,61440,61440,0,0,0,0,0,1
redraw_case,240,320,20,32,3,1,24,0,76800,0,516,1317,61440,61440,61440,61440,61440,61440,0,0,0,0,0,1
redraw_case,240,320,20,32,3,1,24,1,76800,0,486,1281,61440,61440,61440,61440,61440,61440,1333,61440,0,0,0,2
redraw_case,240,320,20,32,3,1,24,2,76800,0,668,1470,61440,61440,61440,61440,61440,61440,0,0,0,0,0,1
redraw_case,240,320,100,0,0,0,2,0,76800,0,802,1197,61440,61440,61440,61440,61440,61440,0,0,0,0,0,128
redraw_case,240,320,100,0,0,0,2,1,22850,0,620,727,18278,18380,20000,20000,18279,18380,670,61440,0,19,0,128
redraw_case,240,320,100,0,0,0,2,2,480,76320,145,170,384,384,20000,260000,384,384,0,0,0,0,200,128
redraw_case,240,320,100,0,0,0,8,0,76800,0,611,1069,61440,61440,61440,61440,61440,61440,0,0,0,0,0,128
redraw_case,240,320,100,0,0,0,8,1,22848,0,491,568,18214,18380,20000,20000,18215,18381,1053,61440,0,19,0,128
redraw_case,240,320,100,0,0,0,8,2,1920,74880,140,179,1536,1536,80000,80000,1536,1536,0,0,0,0,207,128
redraw_case,240,320,100,0,0,0,24,0,76800,0,600,1050,61440,61440,61440,61440,61440,61440,0,0,0,0,0,128
redraw_case,240,320,100,0,0,0,24,1,22848,0,489,561,18214,18380,20000,20000,18215,18381,1083,61440,0,19,0,128
redraw_case,240,320,100,0,0,0,24,2,5760,71040,156,244,4608,4608,20000,40000,4608,4608,0,0,0,0,75,128
redraw_case,240,320,100,0,0,1,2,0,76800,0,71,75,61440,61440,61440,61440,61440,61440,0,0,0,0,0,128
redraw_case,240,320,100,0,0,1,2,1,76800,0,89,93,61440,61440,61440,61440,61440,61440,69,61440,0,0,0,128
redraw_case,240,320,100,0,0,1,2,2,480,76320,76,97,384,384,20000,20000,384,384,0,0,0,0,0,128
redraw_case,240,320,100,0,0,1,8,0,76800,0,78,138,61440,61440,61440,61440,61440,61440,0,0,0,0,0,128
redraw_case,240,320,100,0,0,1,8,1,76800,0,106,159,61440,61440,61440,61440,61440,61440,80,61440,0,0,0,128
redraw_case,240,320,100,0,0,1,8,2,1920,74880,87,91,1536,1536,20000,20000,1536,1536,0,0,0,0,0,128
redraw_case,240,320,100,0,0,1,24,0,76800,0,84,91,61440,61440,61440,61440,61440,61440,0,0,0,0,0,128
redraw_case,240,320,100,0,0,1,24,1,76800,0,108,121,61440,61440,61440,61440,61440,61440,82,61440,0,0,0,128
redraw_case,240,320,100,0,0,1,24,2,5760,71040,90,104,4608,4608,20000,20000,4608,4608,0,0,0,0,0,128
redraw_case,240,320,100,0,1,0,2,0,76800,0,1419,1950,61440,61440,61440,61440,61440,61440,0,0,0,0,0,16
redraw_case,240,320,100,0,1,0,2,1,27149,0,1120,1262,21820,22135,21820,22135,21820,22135,1201,61440,0,19,0,16
redraw_case,240,320,100,0,1,0,2,2,76800,0,1531,2004,61440,61440,61440,61440,61440,61440,0,0,0,0,0,16
redraw_case,240,320,100,0,1,0,8,0,76800,0,1203,1880,61440,61440,61440,61440,61440,61440,0,0,0,0,0,16
redraw_case,240,320,100,0,1,0,8,1,27118,0,1025,1133,21787,22044,21788,22044,21788,22044,2062,61440,0,19,0,16
redraw_case,240,320,100,0,1,0,8,2,76800,0,1218,1868,61440,61440,61440,61440,61440,61440,0,0,0,0,0,16
redraw_case,240,320,100,0,1,0,24,0,76800,0,1201,1877,61440,61440,61440,61440,61440,61440,0,0,0,0,0,16
redraw_case,240,320,100,0,1,0,24,1,27161,0,984,1079,21787,22044,21787,22044,21787,22044,2042,61440,0,19,0,16
redraw_case,240,320,100,0,1,0,24,2,76800,0,1147,1819,61440,61440,61440,61440,61440,61440,0,0,0,0,0,16
redraw_case,240,320,100,0,1,1,2,0,76800,0,681,729,61440,61440,61440,61440,61440,61440,0,0,0,0,0,1
redraw_case,240,320,100,0,1,1,2,1,76800,0,492,576,61440,61440,61440,61440,61440,61440,1359,61440,0,0,0,2
redraw_case,240,320,100,0,1,1,2,2,76800,0,759,813,61440,61440,61440,61440,61440,61440,0,0,0,0,0,1
redraw_case,240,320,100,0,1,1,8,0,76800,0,708,898,61440,61440,61440,61440,61440,61440,0,0,0,0,0,1
redraw_case,240,320,100,0,1,1,8,1,76800,0,458,496,61440,61440,61440,61440,61440,61440,783,61440,0,0,0,2
redraw_case,240,320,100,0,1,1,8,2,76800,0,719,790,61440,61440,61440,61440,61440,61440,0,0,0,0,0,1
redraw_case,240,320,100,0,1,1,24,0,76800,0,656,732,61440,61440,61440,61440,61440,61440,0,0,0,0,0,1
redraw_case,240,320,100,0,1,1,24,1,76800,0,419,482,61440,61440,61440,61440,61440,61440,610,61440,0,0,0,2
redraw_case,240,320,100,0,1,1,24,2,76800,0,851,1178,61440,61440,61440,61440,61440,61440,0,0,0,0,0,1
redraw_case,240,320,100,0,3,0,2,0,76800,0,1543,2052,61440,61440,61440,61440,61440,61440,0,0,0,0,0,16
redraw_case,240,320,100,0,3,0,2,1,27149,0,1180,1376,21820,22135,21821,22135,21821,22135,1193,61440,0,19,0,16
redraw_case,240,320,100,0,3,0,2,2,76800,0,1562,1996,61440,61440,61440,61440,61440,61440,0,0,0,0,0,16
redraw_case,240,320,100,0,3,0,8,0,76800,0,1211,1876,61440,61440,61440,61440,61440,61440,0,0,0,0,0,16
redraw_case,240,320,100,0,3,0,8,1,27118,0,1456,1839,21787,22044,21788,22044,21788,22044,2457,61440,0,19,0,16
redraw_case,240,320,100,0,3,0,8,2,76800,0,1464,2304,61440,61440,61440,61440,61440,61440,0,0,0,0,0,16
redraw_case,240,320,100,0,3,0,24,0,76800,0,1281,2039,61440,61440,61440,61440,61440,61440,0,0,0,0,0,16
redraw_case,240,320,100,0,3,0,24,1,27161,0,1145,1247,21787,22044,21787,22044,21787,22044,1969,61440,0,19,0,16
redraw_case,240,320,100,0,3,0,24,2,76800,0,1332,2008,61440,61440,61440,61440,61440,61440,0,0,0,0,0,16
redraw_case,240,320,100,0,3,1,2,0,76800,0,849,927,61440,61440,61440,61440,61440,61440,0,0,0,0,0,1
redraw_case,240,320,100,0,3,1,2,1,76800,0,619,652,61440,61440,61440,61440,61440,61440,760,61440,0,0,0,2
redraw_case,240,320,100,0,3,1,2,2,76800,0,851,909,61440,61440,61440,61440,61440,61440,0,0,0,0,0,1
redraw_case,240,320,100,0,3,1,8,0,76800,0,908,1516,61440,61440,61440,61440,61440,61440,0,0,0,0,0,1
redraw_case,240,320,100,0,3,1,8,1,76800,0,814,936,61440,61440,61440,61440,61440,61440,1029,61440,0,0,0,2
redraw_case,240,320,100,0,3,1,8,2,76800,0,1062,1192,61440,61440,61440,61440,61440,61440,0,0,0,0,0,1
redraw_case,240,320,100,0,3,1,24,0,76800,0,1054,1347,61440,61440,61440,61440,61440,61440,0,0,0,0,0,1
redraw_case,240,320,100,0,3,1,24,1,76800,0,731,822,61440,61440,61440,61440,61440,61440,942,61440,0,0,0,2
redraw_case,240,320,100,0,3,1,24,2,76800,0,1030,1321,61440,61440,61440,61440,61440,61440,0,0,0,0,0,1
redraw_case,240,320,100,8,0,0,2,0,76800,0,1633,2932,61440,61440,61440,61440,61440,61440,0,0,0,0,0,128
redraw_case,240,320,100,8,0,0,2,1,22850,0,1291,1917,18278,18380,20000,20000,18278,18380,1077,61440,0,19,0,128
redraw_case,240,320,100,8,0,0,2,2,480,76320,236,262,384,384,20000,260000,384,384,0,0,0,0,200,128
redraw_case,240,320,100,8,0,0,8,0,76800,0,970,1741,61440,61440,61440,61440,61440,61440,0,0,0,0,0,128
redraw_case,240,320,100,8,0,0,8,1,22848,0,667,1018,18214,18380,20000,20000,18215,18381,1567,61440,0,19,0,128
redraw_case,240,320,100,8,0,0,8,2,1920,74880,184,230,1536,1536,80000,80000,1536,1536,0,0,0,0,207,128
redraw_case,240,320,100,8,0,0,24,0,76800,0,741,1411,61440,61440,61440,61440,61440,61440,0,0,0,0,0,128
redraw_case,240,320,100,8,0,0,24,1,22848,0,573,741,18214,18380,20000,20000,18215,18381,1392,61440,0,19,0,128
redraw_case,240,320,100,8,0,0,24,2,5760,71040,186,310,4608,4608,20000,40000,4608,4608,0,0,0,0,75,128
redraw_case,240,320,100,8,0,1,2,0,76800,0,94,241,61440,61440,61440,61440,61440,61440,0,0,0,0,0,128
redraw_case,240,320,100,8,0,1,2,1,76800,0,122,274,61440,61440,61440,61440,61440,61440,85,61440,0,0,0,128
redraw_case,240,320,100,8,0,1,2,2,480,76320,90,104,384,384,20000,20000,384,384,0,0,0,0,0,128
redraw_case,240,320,100,8,0,1,8,0,76800,0,87,233,61440,61440,61440,61440,61440,61440,0,0,0,0,0,128
redraw_case,240,320,100,8,0,1,8,1,76800,0,108,247,61440,61440,61440,61440,61440,61440,235,61440,0,0,0,128
redraw_case,240,320,100,8,0,1,8,2,1920,74880,89,98,1536,1536,20000,20000,1536,1536,0,0,0,0,0,128
redraw_case,240,320,100,8,0,1,24,0,76800,0,83,223,61440,61440,61440,61440,61440,61440,0,0,0,0,0,128
redraw_case,240,320,100,8,0,1,24,1,76800,0,107,248,61440,61440,61440,61440,61440,61440,228,61440,0,0,0,128
redraw_case,240,320,100,8,0,1,24,2,5760,71040,90,125,4608,4608,20000,20000,4608,4608,0,0,0,0,0,128
redraw_case,240,320,100,8,1,0,2,0,76800,0,1449,1987,61440,61440,61440,61440,61440,61440,0,0,0,0,0,16
redraw_case,240,320,100,8,1,0,2,1,27149,0,1060,1215,21820,22135,21821,22135,21821,22135,1131,61440,0,19,0,16
redraw_case,240,320,100,8,1,0,2,2,76800,0,1419,1955,61440,61440,61440,61440,61440,61440,0,0,0,0,0,16
redraw_case,240,320,100,8,1,0,8,0,76800,0,1223,1997,61440,61440,61440,61440,61440,61440,0,0,0,0,0,16
redraw_case,240,320,100,8,1,0,8,1,27118,0,982,1112,21787,22044,21788,22044,21788,22044,1962,61440,0,19,0,16
redraw_case,240,320,100,8,1,0,8,2,76800,0,1304,2262,61440,61440,61440,61440,61440,61440,0,0,0,0,0,16
redraw_case,240,320,100,8,1,0,24,0,76800,0,1396,2325,61440,61440,61440,61440,61440,61440,0,0,0,0,0,16
redraw_case,240,320,100,8,1,0,24,1,27161,0,1036,1211,21787,22044,21787,22058,21787,22044,2016,61440,0,19,0,16
redraw_case,240,320,100,8,1,0,24,2,76800,0,1318,2186,61440,61440,61440,61440,61440,61440,0,0,0,0,0,16
redraw_case,240,320,100,8,1,1,2,0,76800,0,783,944,61440,61440,61440,61440,61440,61440,0,0,0,0,0,1
redraw_case,240,320,100,8,1,1,2,1,76800,0,474,646,61440,61440,61440,61440,61440,61440,676,61440,0,0,0,2
redraw_case,240,320,100,8,1,1,2,2,76800,0,709,891,61440,61440,61440,61440,61440,61440,0,0,0,0,0,1
redraw_case,240,320,100,8,1,1,8,0,76800,0,638,800,61440,61440,61440,61440,61440,61440,0,0,0,0,0,1
redraw_case,240,320,100,8,1,1,8,1,76800,0,405,575,61440,61440,61440,61440,61440,61440,769,61440,0,0,0,2
redraw_case,240,320,100,8,1,1,8,2,76800,0,669,863,61440,61440,61440,61440,61440,61440,0,0,0,0,0,1
redraw_case,240,320,100,8,1,1,24,0,76800,0,661,861,61440,61440,61440,61440,61440,61440,0,0,0,0,0,1
redraw_case,240,320,100,8,1,1,24,1,76800,0,423,595,61440,61440,61440,61440,61440,61440,769,61440,0,0,0,2
redraw_case,240,320,100,8,1,1,24,2,76800,0,668,856,61440,61440,61440,61440,61440,61440,0,0,0,0,0,1
redraw_case,240,320,100,8,3,0,2,0,76800,0,1358,1896,61440,61440,61440,61440,61440,61440,0,0,0,0,0,16
redraw_case,240,320,100,8,3,0,2,1,27149,0,1215,1392,21820,22135,21821,22136,21820,22136,1429,61440,0,19,0,16
redraw_case,240,320,100,8,3,0,2,2,76800,0,1425,1956,61440,61440,61440,61440,61440,61440,0,0,0,0,0,16
redraw_case,240,320,100,8,3,0,8,0,76800,0,1118,1962,61440,61440,61440,61440,61440,61440,0,0,0,0,0,16
redraw_case,240,320,100,8,3,0,8,1,27118,0,965,1111,21787,22044,21788,22044,21788,22044,1871,61440,0,19,0,16
redraw_case,240,320,100,8,3,0,8,2,76800,0,1192,1945,61440,61440,61440,61440,61440,61440,0,0,0,0,0,16
redraw_case,240,320,100,8,3,0,24,0,76800,0,1046,1786,61440,61440,61440,61440,61440,61440,0,0,0,0,0,16
redraw_case,240,320,100,8,3,0,24,1,27161,0,1033,1181,21787,22044,21787,22058,21787,22044,1882,61440,0,19,0,16
redraw_case,240,320,100,8,3,0,24,2,76800,0,1201,1937,61440,61440,61440,61440,61440,61440,0,0,0,0,0,16
redraw_case,240,320,100,8,3,1,2,0,76800,0,760,938,61440,61440,61440,61440,61440,61440,0,0,0,0,0,1
redraw_case,240,320,100,8,3,1,2,1,76800,0,569,724,61440,61440,61440,61440,61440,61440,688,61440,0,0,0,2
redraw_case,240,320,100,8,3,1,2,2,76800,0,798,969,61440,61440,61440,61440,61440,61440,0,0,0,0,0,1
redraw_case,240,320,100,8,3,1,8,0,76800,0,803,1118,61440,61440,61440,61440,61440,61440,0,0,0,0,0,1
redraw_case,240,320,100,8,3,1,8,1,76800,0,584,776,61440,61440,61440,61440,61440,61440,918,61440,0,0,0,2
redraw_case,240,320,100,8,3,1,8,2,76800,0,827,1015,61440,61440,61440,61440,61440,61440,0,0,0,0,0,1
redraw_case,240,320,100,8,3,1,24,0,76800,0,754,957,61440,61440,61440,61440,61440,61440,0,0,0,0,0,1
redraw_case,240,320,100,8,3,1,24,1,76800,0,597,786,61440,61440,61440,61440,61440,61440,923,61440,0,0,0,2
redraw_case,240,320,100,8,3,1,24,2,76800,0,835,1044,61440,61440,61440,61440,61440,61440,0,0,0,0,0,1
redraw_case,240,320,100,32,0,0,2,0,76800,0,888,1394,61440,61440,61440,61440,61440,61440,0,0,0,0,0,128
redraw_case,240,320,100,32,0,0,2,1,22850,0,597,757,18278,18380,20000,20001,18278,18380,654,61440,0,19,0,128
redraw_case,240,320,100,32,0,0,2,2,480,76320,131,149,384,384,20000,260000,384,384,0,0,0,0,200,128
redraw_case,240,320,100,32,0,0,8,0,76800,0,679,1572,61440,61440,61440,61440,61440,61440,0,0,0,0,0,128
redraw_case,240,320,100,32,0,0,8,1,22848,0,580,796,18214,18380,20000,20001,18215,18381,1767,61440,0,19,0,128
redraw_case,240,320,100,32,0,0,8,2,1920,74880,170,218,1536,1536,80000,80000,1536,1536,0,0,0,0,207,128
redraw_case,240,320,100,32,0,0,24,0,76800,0,749,1636,61440,61440,61440,61492,61440,61440,0,0,0,0,0,128
redraw_case,240,320,100,32,0,0,24,1,22848,0,534,756,18214,18380,20000,20052,18215,18381,1556,61440,0,19,0,128
redraw_case,240,320,100,32,0,0,24,2,5760,71040,178,288,4608,4608,20000,40000,4608,4608,0,0,0,0,75,128
redraw_case,240,320,100,32,0,1,2,0,76800,0,457,853,61440,61440,61440,61440,61440,61440,0,0,0,0,0,128
redraw_case,240,320,100,32,0,1,2,1,76800,0,494,876,61440,61440,61440,61440,61440,61440,175,61440,0,0,0,128
redraw_case,240,320,100,32,0,1,2,2,480,76320,87,98,384,384,20000,20000,384,384,0,0,0,0,0,128
redraw_case,240,320,100,32,0,1,8,0,76800,0,186,825,61440,61440,61440,61440,61440,61440,0,0,0,0,0,128
redraw_case,240,320,100,32,0,1,8,1,76800,0,199,856,61440,61440,61440,61440,61440,61440,849,61440,0,0,0,128
redraw_case,240,320,100,32,0,1,8,2,1920,74880,90,116,1536,1536,20000,20000,1536,1536,0,0,0,0,0,128
redraw_case,240,320,100,32,0,1,24,0,76800,0,186,826,61440,61440,61440,61440,61440,61440,0,0,0,0,0,128
redraw_case,240,320,100,32,0,1,24,1,76800,0,212,878,61440,61440,61440,61440,61440,61440,848,61440,0,0,0,128
redraw_case,240,320,100,32,0,1,24,2,5760,71040,89,147,4608,4608,20000,20000,4608,4608,0,0,0,0,0,128
redraw_case,240,320,100,32,1,0,2,0,76800,0,1587,2210,61440,61440,61440,61440,61440,61440,0,0,0,0,0,16
redraw_case,240,320,100,32,1,0,2,1,27149,0,1070,1270,21820,22135,21821,22136,21820,22136,1123,61440,0,19,0,16
redraw_case,240,320,100,32,1,0,2,2,76800,0,1767,2404,61440,61440,61440,61440,61440,61440,0,0,0,0,0,16
redraw_case,240,320,100,32,1,0,8,0,76800,0,1350,2316,61440,61440,61440,61446,61440,61440,0,0,0,0,0,16
redraw_case,240,320,100,32,1,0,8,1,27118,0,979,1243,21787,22044,21788,22044,21788,22044,2050,61440,0,19,0,16
redraw_case,240,320,100,32,1,0,8,2,76800,0,1137,2174,61440,61440,61440,61446,61440,61440,0,0,0,0,0,16
redraw_case,240,320,100,32,1,0,24,0,76800,0,1125,2162,61440,61440,61440,61491,61440,61440,0,0,0,0,0,16
redraw_case,240,320,100,32,1,0,24,1,27161,0,1110,1508,21787,22044,21793,22058,21787,22044,3430,61440,0,19,0,16
redraw_case,240,320,100,32,1,0,24,2,76800,0,1337,2608,61440,61440,61440,61491,61440,61440,0,0,0,0,0,16
redraw_case,240,320,100,32,1,1,2,0,76800,0,1255,1731,61440,61440,61440,61440,61440,61440,0,0,0,0,0,1
redraw_case,240,320,100,32,1,1,2,1,76800,0,985,1415,61440,61440,61440,61440,61440,61440,820,61440,0,0,0,2
redraw_case,240,320,100,32,1,1,2,2,76800,0,1256,1699,61440,61440,61440,61440,61440,61440,0,0,0,0,0,1
redraw_case,240,320,100,32,1,1,8,0,76800,0,846,1587,61440,61440,61440,61440,61440,61440,0,0,0,0,0,1
redraw_case,240,320,100,32,1,1,8,1,76800,0,610,1361,61440,61440,61440,61440,61440,61440,1548,61440,0,0,0,2
redraw_case,240,320,100,32,1,1,8,2,76800,0,889,1662,61440,61440,61440,61440,61440,61440,0,0,0,0,0,1
redraw_case,240,320,100,32,1,1,24,0,76800,0,891,1730,61440,61440,61440,61440,61440,61440,0,0,0,0,0,1
redraw_case,240,320,100,32,1,1,24,1,76800,0,576,1336,61440,61440,61440,61440,61440,61440,1540,61440,0,0,0,2
redraw_case,240,320,100,32,1,1,24,2,76800,0,846,1612,61440,61440,61440,61440,61440,61440,0,0,0,0,0,1
redraw_case,240,320,100,32,3,0,2,0,76800,0,1791,2333,61440,61440,61440,61440,61440,61440,0,0,0,0,0,16
redraw_case,240,320,100,32,3,0,2,1,27149,0,1399,1772,21820,22135,21820,22135,21820,22135,1284,61440,0,19,0,16
redraw_case,240,320,100,32,3,0,2,2,76800,0,1951,2632,61440,61440,61440,61440,61440,61440,0,0,0,0,0,16
redraw_case,240,320,100,32,3,0,8,0,76800,0,1718,2857,61440,61440,61440,61447,61440,61440,0,0,0,0,0,16
redraw_case,240,320,100,32,3,0,8,1,27118,0,1301,1617,21787,22044,21788,22044,21788,22044,2690,61440,0,19,0,16
redraw_case,240,320,100,32,3,0,8,2,76800,0,1420,2649,61440,61440,61440,61447,61440,61440,0,0,0,0,0,16
redraw_case,240,320,100,32,3,0,24,0,76800,0,1385,2595,61440,61440,61440,61491,61440,61440,0,0,0,0,0,16
redraw_case,240,320,100,32,3,0,24,1,27161,0,1205,1525,21787,22044,21793,22058,21787,22044,2713,61440,0,19,0,16
redraw_case,240,320,100,32,3,0,24,2,76800,0,1448,2674,61440,61440,61440,61491,61440,61440,0,0,0,0,0,16
redraw_case,240,320,100,32,3,1,2,0,76800,0,1467,1957,61440,61440,61440,61440,61440,61440,0,0,0,0,0,1
redraw_case,240,320,100,32,3,1,2,1,76800,0,1328,1804,61440,61440,61440,61440,61440,61440,1028,61440,0,0,0,2
redraw_case,240,320,100,32,3,1,2,2,76800,0,1504,2279,61440,61440,61440,61440,61440,61440,0,0,0,0,0,1
redraw_case,240,320,100,32,3,1,8,0,76800,0,944,1711,61440,61440,61440,61440,61440,61440,0,0,0,0,0,1
redraw_case,240,320,100,32,3,1,8,1,76800,0,793,1631,61440,61440,61440,61440,61440,61440,1777,61440,0,0,0,2
redraw_case,240,320,100,32,3,1,8,2,76800,0,1082,1882,61440,61440,61440,61440,61440,61440,0,0,0,0,0,1
redraw_case,240,320,100,32,3,1,24,0,76800,0,1439,2639,61440,61440,61440,61440,61440,61440,0,0,0,0,0,1
redraw_case,240,320,100,32,3,1,24,1,76800,0,1390,2925,61440,61440,61440,61440,61440,61440,3308,61440,0,0,0,2
redraw_case,240,320,100,32,3,1,24,2,76800,0,1530,2724,61440,61440,61440,61440,61440,61440,0,0,0,0,0,1
redraw_case,320,480,1,0,0,0,2,0,153600,0,297,610,122880,122880,122880,122880,122880,122880,0,0,0,0,0,16
redraw_case,320,480,1,0,0,0,2,1,29056,0,84,257,23622,24179,23622,24179,23622,24179,178,122880,0,29,0,32
redraw_case,320,480,1,0,0,0,2,2,640,152960,161,198,512,512,20000,260000,512,512,0,0,0,0,200,16
redraw_case,320,480,1,0,0,0,8,0,153600,0,163,471,122880,122880,122880,122880,122880,122880,0,0,0,0,0,16
redraw_case,320,480,1,0,0,0,8,1,29050,0,52,187,23622,24179,23622,24179,23622,24179,496,122880,0,29,0,32
redraw_case,320,480,1,0,0,0,8,2,2560,151040,154,210,2048,2048,80000,80000,2048,2048,0,0,0,0,207,16
redraw_case,320,480,1,0,0,0,24,0,153600,0,160,473,122880,122880,122880,122880,122880,122880,0,0,0,0,0,16
redraw_case,320,480,1,0,0,0,24,1,29050,0,51,190,23622,24179,23622,24179,23622,24179,463,122880,0,29,0,32
redraw_case,320,480,1,0,0,0,24,2,7680,145920,149,219,6144,6144,20000,40000,6144,6144,0,0,0,0,75,16
redraw_case,320,480,1,0,0,1,2,0,153600,0,119,162,122880,122880,122880,122880,122880,122880,0,0,0,0,0,16
redraw_case,320,480,1,0,0,1,2,1,153600,0,123,147,122880,122880,122880,122880,122880,122880,127,122880,0,0,0,32
redraw_case,320,480,1,0,0,1,2,2,640,152960,153,268,512,512,20000,20000,512,512,0,0,0,0,0,16
redraw_case,320,480,1,0,0,1,8,0,153600,0,116,127,122880,122880,122880,122880,122880,122880,0,0,0,0,0,16
redraw_case,320,480,1,0,0,1,8,1,153600,0,115,128,122880,122880,122880,122880,122880,122880,112,122880,0,0,0,32
redraw_case,320,480,1,0,0,1,8,2,2560,151040,138,216,2048,2048,20000,20000,2048,2048,0,0,0,0,0,16
redraw_case,320,480,1,0,0,1,24,0,153600,0,112,142,122880,122880,122880,122880,122880,122880,0,0,0,0,0,16
redraw_case,320,480,1,0,0,1,24,1,153600,0,131,233,122880,122880,122880,122880,122880,122880,126,122880,0,0,0,32
redraw_case,320,480,1,0,0,1,24,2,7680,145920,155,190,6144,6144,20000,20000,6144,6144,0,0,0,0,0,16
redraw_case,320,480,1,0,1,0,2,0,153600,0,645,958,122880,122880,122880,122880,122880,122880,0,0,0,0,0,16
redraw_case,320,480,1,0,1,0,2,1,27732,0,261,325,22323,23051,22323,23051,22323,23051,446,122880,0,29,0,32
redraw_case,320,480,1,0,1,0,2,2,153600,0,572,881,122880,122880,122880,122880,122880,122880,0,0,0,0,0,16
redraw_case,320,480,1,0,1,0,8,0,153600,0,425,906,122880,122880,122880,122880,122880,122880,0,0,0,0,0,16
redraw_case,320,480,1,0,1,0,8,1,27399,0,255,339,21905,22633,21906,22634,21905,22634,926,122880,0,29,0,32
redraw_case,320,480,1,0,1,0,8,2,153600,0,464,1002,122880,122880,122880,122880,122880,122880,0,0,0,0,0,16
redraw_case,320,480,1,0,1,0,24,0,153600,0,455,942,122880,122880,122880,122880,122880,122880,0,0,0,0,0,16
redraw_case,320,480,1,0,1,0,24,1,27453,0,264,337,21905,22633,21906,22634,21906,22634,1006,122880,0,29,0,32
redraw_case,320,480,1,0,1,0,24,2,153600,0,562,1349,122880,122880,122880,122880,122880,122880,0,0,0,0,0,16
redraw_case,320,480,1,0,1,1,2,0,153600,0,403,463,122880,122880,122880,122880,122880,122880,0,0,0,0,0,1
redraw_case,320,480,1,0,1,1,2,1,153600,0,381,417,122880,122880,122880,122880,122880,122880,355,122880,0,0,0,2
redraw_case,320,480,1,0,1,1,2,2,153600,0,354,435,122880,122880,122880,122880,122880,122880,0,0,0,0,0,1
redraw_case,320,480,1,0,1,1,8,0,153600,0,323,432,122880,122880,122880,122880,122880,122880,0,0,0,0,0,1
redraw_case,320,480,1,0,1,1,8,1,153600,0,311,342,122880,122880,122880,122880,122880,122880,278,122880,0,0,0,2
redraw_case,320,480,1,0,1,1,8,2,153600,0,291,312,122880,122880,122880,122880,122880,122880,0,0,0,0,0,1
redraw_case,320,480,1,0,1,1,24,0,153600,0,282,386,122880,122880,122880,122880,122880,122880,0,0,0,0,0,1
redraw_case,320,480,1,0,1,1,24,1,153600,0,286,309,122880,122880,122880,122880,122880,122880,277,122880,0,0,0,2
redraw_case,320,480,1,0,1,1,24,2,153600,0,287,344,122880,122880,122880,122880,122880,122880,0,0,0,0,0,1
redraw_case,320,480,1,0,3,0,2,0,153600,0,561,841,122880,122880,122880,122880,122880,122880,0,0,0,0,0,16
redraw_case,320,480,1,0,3,0,2,1,27732,0,261,345,22323,23051,22323,23051,22323,23051,440,122880,0,29,0,32
redraw_case,320,480,1,0,3,0,2,2,153600,0,572,867,122880,122880,122880,122880,122880,122880,0,0,0,0,0,16
redraw_case,320,480,1,0,3,0,8,0,153600,0,411,835,122880,122880,122880,122880,122880,122880,0,0,0,0,0,16
redraw_case,320,480,1,0,3,0,8,1,27399,0,266,332,21905,22633,21905,22634,21905,22634,903,122880,0,29,0,32
redraw_case,320,480,1,0,3,0,8,2,153600,0,428,858,122880,122880,122880,122880,122880,122880,0,0,0,0,0,16
redraw_case,320,480,1,0,3,0,24,0,153600,0,426,857,122880,122880,122880,122880,122880,122880,0,0,0,0,0,16
redraw_case,320,480,1,0,3,0,24,1,27453,0,265,342,21905,22633,21906,22634,21906,22634,889,122880,0,29,0,32
redraw_case,320,480,1,0,3,0,24,2,153600,0,437,868,122880,122880,122880,122880,122880,122880,0,0,0,0,0,16
redraw_case,320,480,1,0,3,1,2,0,153600,0,334,396,122880,122880,122880,122880,122880,122880,0,0,0,0,0,1
redraw_case,320,480,1,0,3,1,2,1,153600,0,370,533,122880,122880,122880,122880,122880,122880,356,122880,0,0,0,2
redraw_case,320,480,1,0,3,1,2,2,153600,0,344,374,122880,122880,122880,122880,122880,122880,0,0,0,0,0,1
redraw_case,320,480,1,0,3,1,8,0,153600,0,323,365,122880,122880,122880,122880,122880,122880,0,0,0,0,0,1
redraw_case,320,480,1,0,3,1,8,1,153600,0,341,376,122880,122880,122880,122880,122880,122880,343,122880,0,0,0,2
redraw_case,320,480,1,0,3,1,8,2,153600,0,332,388,122880,122880,122880,122880,122880,122880,0,0,0,0,0,1
redraw_case,320,480,1,0,3,1,24,0,153600,0,312,371,122880,122880,122880,122880,122880,122880,0,0,0,0,0,1
redraw_case,320,480,1,0,3,1,24,1,153600,0,316,346,122880,122880,122880,122880,122880,122880,307,122880,0,0,0,2
redraw_case,320,480,1,0,3,1,24,2,153600,0,310,327,122880,122880,122880,122880,122880,122880,0,0,0,0,0,1
redraw_case,320,480,1,8,0,0,2,0,153600,0,196,569,122880,122880,122880,122880,122880,122880,0,0,0,0,0,16
redraw_case,320,480,1,8,0,0,2,1,29056,0,104,235,23622,24179,23622,24179,23622,24179,158,122880,0,29,0,32
redraw_case,320,480,1,8,0,0,2,2,640,152960,119,146,512,512,20000,260000,512,512,0,0,0,0,200,16
redraw_case,320,480,1,8,0,0,8,0,153600,0,141,576,122880,122880,122880,122880,122880,122880,0,0,0,0,0,16
redraw_case,320,480,1,8,0,0,8,1,29050,0,68,285,23622,24179,23622,24179,23622,24179,654,122880,0,29,0,32
redraw_case,320,480,1,8,0,0,8,2,2560,151040,141,197,2048,2048,80000,80000,2048,2048,0,0,0,0,207,16
redraw_case,320,480,1,8,0,0,24,0,153600,0,241,697,122880,122880,122880,122880,122880,122880,0,0,0,0,0,16
redraw_case,320,480,1,8,0,0,24,1,29050,0,54,303,23622,24179,23622,24179,23622,24179,685,122880,0,29,0,32
redraw_case,320,480,1,8,0,0,24,2,7680,145920,143,232,6144,6144,20000,40000,6144,6144,0,0,0,0,75,16
redraw_case,320,480,1,8,0,1,2,0,153600,0,123,247,122880,122880,122880,122880,122880,122880,0,0,0,0,0,16
redraw_case,320,480,1,8,0,1,2,1,153600,0,112,223,122880,122880,122880,122880,122880,122880,100,122880,0,0,0,32
redraw_case,320,480,1,8,0,1,2,2,640,152960,118,132,512,512,20000,20000,512,512,0,0,0,0,0,16
redraw_case,320,480,1,8,0,1,8,0,153600,0,99,219,122880,122880,122880,122880,122880,122880,0,0,0,0,0,16
redraw_case,320,480,1,8,0,1,8,1,153600,0,99,208,122880,122880,122880,122880,122880,122880,216,122880,0,0,0,32
redraw_case,320,480,1,8,0,1,8,2,2560,151040,116,127,2048,2048,20000,20000,2048,2048,0,0,0,0,0,16
redraw_case,320,480,1,8,0,1,24,0,153600,0,97,210,122880,122880,122880,122880,122880,122880,0,0,0,0,0,16
redraw_case,320,480,1,8,0,1,24,1,153600,0,97,209,122880,122880,122880,122880,122880,122880,218,122880,0,0,0,32
redraw_case,320,480,1,8,0,1,24,2,7680,145920,117,136,6144,6144,20000,20000,6144,6144,0,0,0,0,0,16
redraw_case,320,480,1,8,1,0,2,0,153600,0,507,954,122880,122880,122880,122880,122880,122880,0,0,0,0,0,16
redraw_case,320,480,1,8,1,0,2,1,27732,0,243,308,22323,23051,22323,23051,22323,23051,386,122880,0,29,0,32
redraw_case,320,480,1,8,1,0,2,2,153600,0,506,1021,122880,122880,122880,122880,122880,122880,0,0,0,0,0,16
redraw_case,320,480,1,8,1,0,8,0,153600,0,367,999,122880,122880,122880,122880,122880,122880,0,0,0,0,0,16
redraw_case,320,480,1,8,1,0,8,1,27399,0,241,311,21905,22633,21905,22634,21905,22634,1114,122880,0,29,0,32
redraw_case,320,480,1,8,1,0,8,2,153600,0,444,1181,122880,122880,122880,122880,122880,122880,0,0,0,0,0,16
redraw_case,320,480,1,8,1,0,24,0,153600,0,426,1123,122880,122880,122880,122880,122880,122880,0,0,0,0,0,16
redraw_case,320,480,1,8,1,0,24,1,27453,0,245,341,21905,22633,21906,22634,21906,22634,1127,122880,0,29,0,32
redraw_case,320,480,1,8,1,0,24,2,153600,0,402,1035,122880,122880,122880,122880,122880,122880,0,0,0,0,0,16
redraw_case,320,480,1,8,1,1,2,0,153600,0,297,437,122880,122880,122880,122880,122880,122880,0,0,0,0,0,1
redraw_case,320,480,1,8,1,1,2,1,153600,0,311,453,122880,122880,122880,122880,122880,122880,273,122880,0,0,0,2
redraw_case,320,480,1,8,1,1,2,2,153600,0,297,435,122880,122880,122880,122880,122880,122880,0,0,0,0,0,1
redraw_case,320,480,1,8,1,1,8,0,153600,0,272,434,122880,122880,122880,122880,122880,122880,0,0,0,0,0,1
redraw_case,320,480,1,8,1,1,8,1,153600,0,297,446,122880,122880,122880,122880,122880,122880,434,122880,0,0,0,2
redraw_case,320,480,1,8,1,1,8,2,153600,0,289,438,122880,122880,122880,122880,122880,122880,0,0,0,0,0,1
redraw_case,320,480,1,8,1,1,24,0,153600,0,276,428,122880,122880,122880,122880,122880,122880,0,0,0,0,0,1
redraw_case,320,480,1,8,1,1,24,1,153600,0,282,437,122880,122880,122880,122880,122880,122880,405,122880,0,0,0,2
redraw_case,320,480,1,8,1,1,24,2,153600,0,283,430,122880,122880,122880,122880,122880,122880,0,0,0,0,0,1
redraw_case,320,480,1,8,3,0,2,0,153600,0,546,1024,122880,122880,122880,122880,122880,122880,0,0,0,0,0,16
redraw_case,320,480,1,8,3,0,2,1,27732,0,278,350,22323,23051,22324,23051,22324,23051,719,122880,0,29,0,32
redraw_case,320,480,1,8,3,0,2,2,153600,0,531,993,122880,122880,122880,122880,122880,122880,0,0,0,0,0,16
redraw_case,320,480,1,8,3,0,8,0,153600,0,394,980,122880,122880,122880,122880,122880,122880,0,0,0,0,0,16
redraw_case,320,480,1,8,3,0,8,1,27399,0,257,341,21905,22633,21906,22634,21905,22634,1048,122880,0,29,0,32
redraw_case,320,480,1,8,3,0,8,2,153600,0,429,1076,122880,122880,122880,122880,122880,122880,0,0,0,0,0,16
redraw_case,320,480,1,8,3,0,24,0,153600,0,420,1039,122880,122880,122880,122880,122880,122880,0,0,0,0,0,16
redraw_case,320,480,1,8,3,0,24,1,27453,0,257,346,21905,22633,21906,22634,21906,22634,1111,122880,0,29,0,32
redraw_case,320,480,1,8,3,0,24,2,153600,0,437,1084,122880,122880,122880,122880,122880,122880,0,0,0,0,0,16
redraw_case,320,480,1,8,3,1,2,0,153600,0,358,547,122880,122880,122880,122880,122880,122880,0,0,0,0,0,1
redraw_case,320,480,1,8,3,1,2,1,153600,0,396,532,122880,122880,122880,122880,122880,122880,322,122880,0,0,0,2
redraw_case,320,480,1,8,3,1,2,2,153600,0,371,508,122880,122880,122880,122880,122880,122880,0,0,0,0,0,1
redraw_case,320,480,1,8,3,1,8,0,153600,0,323,479,122880,122880,122880,122880,122880,122880,0,0,0,0,0,1
redraw_case,320,480,1,8,3,1,8,1,153600,0,327,488,122880,122880,122880,122880,122880,122880,465,122880,0,0,0,2
redraw_case,320,480,1,8,3,1,8,2,153600,0,338,498,122880,122880,122880,122880,122880,122880,0,0,0,0,0,1
redraw_case,320,480,1,8,3,1,24,0,153600,0,319,480,122880,122880,122880,122880,122880,122880,0,0,0,0,0,1
redraw_case,320,480,1,8,3,1,24,1,153600,0,332,499,122880,122880,122880,122880,122880,122880,455,122880,0,0,0,2
redraw_case,320,480,1,8,3,1,24,2,153600,0,320,483,122880,122880,122880,122880,122880,122880,0,0,0,0,0,1
redraw_case,320,480,1,32,0,0,2,0,153600,0,700,1266,122880,122880,122880,122880,122880,122880,0,0,0,0,0,16
redraw_case,320,480,1,32,0,0,2,1,29056,0,199,380,23622,24179,23622,24179,23622,24179,451,122880,0,29,0,32
redraw_case,320,480,1,32,0,0,2,2,640,152960,135,154,512,512,20000,260000,512,512,0,0,0,0,200,16
redraw_case,320,480,1,32,0,0,8,0,153600,0,484,1240,122880,122880,122880,122880,122880,122880,0,0,0,0,0,16
redraw_case,320,480,1,32,0,0,8,1,29050,0,118,346,23622,24179,23622,24180,23622,24179,1206,122880,0,29,0,32
redraw_case,320,480,1,32,0,0,8,2,2560,151040,139,191,2048,2048,80000,80000,2048,2048,0,0,0,0,207,16
redraw_case,320,480,1,32,0,0,24,0,153600,0,457,1208,122880,122880,122880,122880,122880,122880,0,0,0,0,0,16
redraw_case,320,480,1,32,0,0,24,1,29050,0,120,361,23622,24179,23622,24179,23622,24179,1172,122880,0,29,0,32
redraw_case,320,480,1,32,0,0,24,2,7680,145920,142,223,6144,6144,20000,40000,6144,6144,0,0,0,0,75,16
redraw_case,320,480,1,32,0,1,2,0,153600,0,586,837,122880,122880,122880,122880,122880,122880,0,0,0,0,0,16
redraw_case,320,480,1,32,0,1,2,1,153600,0,515,901,122880,122880,122880,122880,122880,122880,379,122880,0,0,0,32
redraw_case,320,480,1,32,0,1,2,2,640,152960,113,121,512,512,20000,20000,512,512,0,0,0,0,0,16
redraw_case,320,480,1,32,0,1,8,0,153600,0,365,710,122880,122880,122880,122880,122880,122880,0,0,0,0,0,16
redraw_case,320,480,1,32,0,1,8,1,153600,0,418,766,122880,122880,122880,122880,122880,122880,730,122880,0,0,0,32
redraw_case,320,480,1,32,0,1,8,2,2560,151040,125,137,2048,2048,20000,20000,2048,2048,0,0,0,0,0,16
redraw_case,320,480,1,32,0,1,24,0,153600,0,378,743,122880,122880,122880,122880,122880,122880,0,0,0,0,0,16
redraw_case,320,480,1,32,0,1,24,1,153600,0,380,745,122880,122880,122880,122880,122880,122880,735,122880,0,0,0,32
redraw_case,320,480,1,32,0,1,24,2,7680,145920,139,176,6144,6144,20000,20000,6144,6144,0,0,0,0,0,16
redraw_case,320,480,1,32,1,0,2,0,153600,0,1043,1676,122880,122880,122880,122880,122880,122880,0,0,0,0,0,16
redraw_case,320,480,1,32,1,0,2,1,27732,0,348,509,22323,23051,22324,23051,22324,23051,762,122880,0,29,0,32
redraw_case,320,480,1,32,1,0,2,2,153600,0,1177,1746,122880,122880,122880,122880,122880,122880,0,0,0,0,0,16
redraw_case,320,480,1,32,1,0,8,0,153600,0,940,1929,122880,122880,122880,122880,122880,122880,0,0,0,0,0,16
redraw_case,320,480,1,32,1,0,8,1,27399,0,336,528,21905,22633,21906,22634,21905,22634,1842,122880,0,29,0,32
redraw_case,320,480,1,32,1,0,8,2,153600,0,800,1726,122880,122880,122880,122880,122880,122880,0,0,0,0,0,16
redraw_case,320,480,1,32,1,0,24,0,153600,0,770,1698,122880,122880,122880,122880,122880,122880,0,0,0,0,0,16
redraw_case,320,480,1,32,1,0,24,1,27453,0,308,443,21905,22633,21906,22634,21906,22634,1702,122880,0,29,0,32
redraw_case,320,480,1,32,1,0,24,2,153600,0,780,1689,122880,122880,122880,122880,122880,122880,0,0,0,0,0,16
redraw_case,320,480,1,32,1,1,2,0,153600,0,890,1172,122880,122880,122880,122880,122880,122880,0,0,0,0,0,1
redraw_case,320,480,1,32,1,1,2,1,153600,0,798,1066,122880,122880,122880,122880,122880,122880,603,122880,0,0,0,2
redraw_case,320,480,1,32,1,1,2,2,153600,0,818,1093,122880,122880,122880,122880,122880,122880,0,0,0,0,0,1
redraw_case,320,480,1,32,1,1,8,0,153600,0,607,1006,122880,122880,122880,122880,122880,122880,0,0,0,0,0,1
redraw_case,320,480,1,32,1,1,8,1,153600,0,618,1028,122880,122880,122880,122880,122880,122880,991,122880,0,0,0,2
redraw_case,320,480,1,32,1,1,8,2,153600,0,657,1119,122880,122880,122880,122880,122880,122880,0,0,0,0,0,1
redraw_case,320,480,1,32,1,1,24,0,153600,0,647,1087,122880,122880,122880,122880,122880,122880,0,0,0,0,0,1
redraw_case,320,480,1,32,1,1,24,1,153600,0,633,1099,122880,122880,122880,122880,122880,122880,1044,122880,0,0,0,2
redraw_case,320,480,1,32,1,1,24,2,153600,0,648,1113,122880,122880,122880,122880,122880,122880,0,0,0,0,0,1
redraw_case,320,480,1,32,3,0,2,0,153600,0,1166,1784,122880,122880,122880,122880,122880,122880,0,0,0,0,0,16
redraw_case,320,480,1,32,3,0,2,1,27732,0,377,499,22323,23051,22324,23051,22323,23051,789,122880,0,29,0,32
redraw_case,320,480,1,32,3,0,2,2,153600,0,1170,1840,122880,122880,122880,122880,122880,122880,0,0,0,0,0,16
redraw_case,320,480,1,32,3,0,8,0,153600,0,871,1865,122880,122880,122880,122880,122880,122880,0,0,0,0,0,16
redraw_case,320,480,1,32,3,0,8,1,27399,0,388,516,21905,22633,21906,22634,21906,22634,1890,122880,0,29,0,32
redraw_case,320,480,1,32,3,0,8,2,153600,0,1149,2624,122880,122880,122880,122880,122880,122880,0,0,0,0,0,16
redraw_case,320,480,1,32,3,0,24,0,153600,0,908,1932,122880,122880,122880,122880,122880,122880,0,0,0,0,0,16
redraw_case,320,480,1,32,3,0,24,1,27453,0,338,494,21905,22633,21906,22634,21906,22634,1734,122880,0,29,0,32
redraw_case,320,480,1,32,3,0,24,2,153600,0,844,1775,122880,122880,122880,122880,122880,122880,0,0,0,0,0,16
redraw_case,320,480,1,32,3,1,2,0,153600,0,862,1164,122880,122880,122880,122880,122880,122880,0,0,0,0,0,1
redraw_case,320,480,1,32,3,1,2,1,153600,0,875,1149,122880,122880,122880,122880,122880,122880,660,122880,0,0,0,2
redraw_case,320,480,1,32,3,1,2,2,153600,0,874,1169,122880,122880,122880,122880,122880,122880,0,0,0,0,0,1
redraw_case,320,480,1,32,3,1,8,0,153600,0,685,1099,122880,122880,122880,122880,122880,122880,0,0,0,0,0,1
redraw_case,320,480,1,32,3,1,8,1,153600,0,679,1095,122880,122880,122880,122880,122880,122880,1058,122880,0,0,0,2
redraw_case,320,480,1,32,3,1,8,2,153600,0,767,1270,122880,122880,122880,122880,122880,122880,0,0,0,0,0,1
redraw_case,320,480,1,32,3,1,24,0,153600,0,719,1175,122880,122880,122880,122880,122880,122880,0,0,0,0,0,1
redraw_case,320,480,1,32,3,1,24,1,153600,0,686,1154,122880,122880,122880,122880,122880,122880,1070,122880,0,0,0,2
redraw_case,320,480,1,32,3,1,24,2,153600,0,681,1152,122880,122880,122880,122880,122880,122880,0,0,0,0,0,1
redraw_case,320,480,20,0,0,0,2,0,153600,0,371,604,122880,122880,122880,122880,122880,122880,0,0,0,0,0,64
redraw_case,320,480,20,0,0,0,2,1,24575,0,112,180,19633,20051,20000,20051,19634,20051,279,122880,0,29,0,64
redraw_case,320,480,20,0,0,0,2,2,640,152960,128,140,512,512,20000,260000,512,512,0,0,0,0,200,64
redraw_case,320,480,20,0,0,0,8,0,153600,0,260,570,122880,122880,122880,122880,122880,122880,0,0,0,0,0,64
redraw_case,320,480,20,0,0,0,8,1,24569,0,90,133,19494,20051,20000,20051,19495,20051,583,122880,0,29,0,64
redraw_case,320,480,20,0,0,0,8,2,2560,151040,128,151,2048,2048,80000,80000,2048,2048,0,0,0,0,207,64
redraw_case,320,480,20,0,0,0,24,0,153600,0,273,599,122880,122880,122880,122880,122880,122880,0,0,0,0,0,64
redraw_case,320,480,20,0,0,0,24,1,24569,0,91,134,19494,20051,20000,20051,19495,20051,557,122880,0,29,0,64
redraw_case,320,480,20,0,0,0,24,2,7680,145920,130,196,6144,6144,20000,40000,6144,6144,0,0,0,0,75,64
redraw_case,320,480,20,0,0,1,2,0,153600,0,97,110,122880,122880,122880,122880,122880,122880,0,0,0,0,0,64
redraw_case,320,480,20,0,0,1,2,1,153600,0,101,128,122880,122880,122880,122880,122880,122880,95,122880,0,0,0,64
redraw_case,320,480,20,0,0,1,2,2,640,152960,114,123,512,512,20000,20000,512,512,0,0,0,0,0,64
redraw_case,320,480,20,0,0,1,8,0,153600,0,98,123,122880,122880,122880,122880,122880,122880,0,0,0,0,0,64
redraw_case,320,480,20,0,0,1,8,1,153600,0,108,119,122880,122880,122880,122880,122880,122880,101,122880,0,0,0,64
redraw_case,320,480,20,0,0,1,8,2,2560,151040,119,149,2048,2048,20000,20000,2048,2048,0,0,0,0,0,64
redraw_case,320,480,20,0,0,1,24,0,153600,0,104,114,122880,122880,122880,122880,122880,122880,0,0,0,0,0,64
redraw_case,320,480,20,0,0,1,24,1,153600,0,120,138,122880,122880,122880,122880,122880,122880,114,122880,0,0,0,64
redraw_case,320,480,20,0,0,1,24,2,7680,145920,136,149,6144,6144,20000,20000,6144,6144,0,0,0,0,0,64
redraw_case,320,480,20,0,1,0,2,0,153600,0,759,1069,122880,122880,122880,122880,122880,122880,0,0,0,0,0,16
redraw_case,320,480,20,0,1,0,2,1,31106,0,316,377,24995,25563,24995,25563,24995,25563,584,122880,0,29,0,32
redraw_case,320,480,20,0,1,0,2,2,153600,0,747,1057,122880,122880,122880,122880,122880,122880,0,0,0,0,0,16
redraw_case,320,480,20,0,1,0,8,0,153600,0,596,1068,122880,122880,122880,122880,122880,122880,0,0,0,0,0,16
redraw_case,320,480,20,0,1,0,8,1,31018,0,303,358,25006,25273,25006,25273,25006,25273,1054,122880,0,29,0,32
redraw_case,320,480,20,0,1,0,8,2,153600,0,584,1017,122880,122880,122880,122880,122880,122880,0,0,0,0,0,16
redraw_case,320,480,20,0,1,0,24,0,153600,0,584,1030,122880,122880,122880,122880,122880,122880,0,0,0,0,0,16
redraw_case,320,480,20,0,1,0,24,1,31090,0,324,406,25006,25273,25006,25273,25006,25273,1098,122880,0,29,0,32
redraw_case,320,480,20,0,1,0,24,2,153600,0,628,1103,122880,122880,122880,122880,122880,122880,0,0,0,0,0,16
redraw_case,320,480,20,0,1,1,2,0,153600,0,368,417,122880,122880,122880,122880,122880,122880,0,0,0,0,0,1
redraw_case,320,480,20,0,1,1,2,1,153600,0,303,316,122880,122880,122880,122880,122880,122880,354,122880,0,0,0,2
redraw_case,320,480,20,0,1,1,2,2,153600,0,368,388,122880,122880,122880,122880,122880,122880,0,0,0,0,0,1
redraw_case,320,480,20,0,1,1,8,0,153600,0,377,421,122880,122880,122880,122880,122880,122880,0,0,0,0,0,1
redraw_case,320,480,20,0,1,1,8,1,153600,0,313,337,122880,122880,122880,122880,122880,122880,372,122880,0,0,0,2
redraw_case,320,480,20,0,1,1,8,2,153600,0,372,507,122880,122880,122880,122880,122880,122880,0,0,0,0,0,1
redraw_case,320,480,20,0,1,1,24,0,153600,0,359,406,122880,122880,122880,122880,122880,122880,0,0,0,0,0,1
redraw_case,320,480,20,0,1,1,24,1,153600,0,274,334,122880,122880,122880,122880,122880,122880,334,122880,0,0,0,2
redraw_case,320,480,20,0,1,1,24,2,153600,0,347,408,122880,122880,122880,122880,122880,122880,0,0,0,0,0,1
redraw_case,320,480,20,0,3,0,2,0,153600,0,847,1153,122880,122880,122880,122880,122880,122880,0,0,0,0,0,16
redraw_case,320,480,20,0,3,0,2,1,31106,0,394,471,24995,25563,24995,25563,24995,25563,714,122880,0,29,0,32
redraw_case,320,480,20,0,3,0,2,2,153600,0,830,1156,122880,122880,122880,122880,122880,122880,0,0,0,0,0,16
redraw_case,320,480,20,0,3,0,8,0,153600,0,673,1176,122880,122880,122880,122880,122880,122880,0,0,0,0,0,16
redraw_case,320,480,20,0,3,0,8,1,31018,0,373,433,25006,25273,25006,25273,25006,25273,1123,122880,0,29,0,32
redraw_case,320,480,20,0,3,0,8,2,153600,0,670,1132,122880,122880,122880,122880,122880,122880,0,0,0,0,0,16
redraw_case,320,480,20,0,3,0,24,0,153600,0,661,1119,122880,122880,122880,122880,122880,122880,0,0,0,0,0,16
redraw_case,320,480,20,0,3,0,24,1,31090,0,374,503,25006,25273,25006,25273,25006,25273,1093,122880,0,29,0,32
redraw_case,320,480,20,0,3,0,24,2,153600,0,722,1347,122880,122880,122880,122880,122880,122880,0,0,0,0,0,16
redraw_case,320,480,20,0,3,1,2,0,153600,0,458,512,122880,122880,122880,122880,122880,122880,0,0,0,0,0,1
redraw_case,320,480,20,0,3,1,2,1,153600,0,391,422,122880,122880,122880,122880,122880,122880,417,122880,0,0,0,2
redraw_case,320,480,20,0,3,1,2,2,153600,0,452,503,122880,122880,122880,122880,122880,122880,0,0,0,0,0,1
redraw_case,320,480,20,0,3,1,8,0,153600,0,421,460,122880,122880,122880,122880,122880,122880,0,0,0,0,0,1
redraw_case,320,480,20,0,3,1,8,1,153600,0,372,415,122880,122880,122880,122880,122880,122880,429,122880,0,0,0,2
redraw_case,320,480,20,0,3,1,8,2,153600,0,417,596,122880,122880,122880,122880,122880,122880,0,0,0,0,0,1
redraw_case,320,480,20,0,3,1,24,0,153600,0,426,481,122880,122880,122880,122880,122880,122880,0,0,0,0,0,1
redraw_case,320,480,20,0,3,1,24,1,153600,0,370,384,122880,122880,122880,122880,122880,122880,410,122880,0,0,0,2
redraw_case,320,480,20,0,3,1,24,2,153600,0,412,460,122880,122880,122880,122880,122880,122880,0,0,0,0,0,1
redraw_case,320,480,20,8,0,0,2,0,153600,0,407,891,122880,122880,122880,122880,122880,122880,0,0,0,0,0,64
redraw_case,320,480,20,8,0,0,2,1,24575,0,122,268,19633,20051,20000,20051,19634,20051,346,122880,0,29,0,64
redraw_case,320,480,20,8,0,0,2,2,640,152960,147,172,512,512,20000,260000,512,512,0,0,0,0,200,64
redraw_case,320,480,20,8,0,0,8,0,153600,0,327,839,122880,122880,122880,122880,122880,122880,0,0,0,0,0,64
redraw_case,320,480,20,8,0,0,8,1,24569,0,115,217,19494,20051,20000,20051,19495,20051,1014,122880,0,29,0,64
redraw_case,320,480,20,8,0,0,8,2,2560,151040,155,193,2048,2048,80000,80000,2048,2048,0,0,0,0,207,64
redraw_case,320,480,20,8,0,0,24,0,153600,0,298,761,122880,122880,122880,122880,122880,122880,0,0,0,0,0,64
redraw_case,320,480,20,8,0,0,24,1,24569,0,101,187,19494,20051,20000,20052,19495,20051,759,122880,0,29,0,64
redraw_case,320,480,20,8,0,0,24,2,7680,145920,148,225,6144,6144,20000,40000,6144,6144,0,0,0,0,75,64
redraw_case,320,480,20,8,0,1,2,0,153600,0,122,235,122880,122880,122880,122880,122880,122880,0,0,0,0,0,64
redraw_case,320,480,20,8,0,1,2,1,153600,0,128,236,122880,122880,122880,122880,122880,122880,105,122880,0,0,0,64
redraw_case,320,480,20,8,0,1,2,2,640,152960,120,136,512,512,20000,20000,512,512,0,0,0,0,0,64
redraw_case,320,480,20,8,0,1,8,0,153600,0,103,222,122880,122880,122880,122880,122880,122880,0,0,0,0,0,64
redraw_case,320,480,20,8,0,1,8,1,153600,0,110,223,122880,122880,122880,122880,122880,122880,222,122880,0,0,0,64
redraw_case,320,480,20,8,0,1,8,2,2560,151040,118,130,2048,2048,20000,20000,2048,2048,0,0,0,0,0,64
redraw_case,320,480,20,8,0,1,24,0,153600,0,102,215,122880,122880,122880,122880,122880,122880,0,0,0,0,0,64
redraw_case,320,480,20,8,0,1,24,1,153600,0,105,222,122880,122880,122880,122880,122880,122880,216,122880,0,0,0,64
redraw_case,320,480,20,8,0,1,24,2,7680,145920,118,142,6144,6144,20000,20000,6144,6144,0,0,0,0,0,64
redraw_case,320,480,20,8,1,0,2,0,153600,0,766,1317,122880,122880,122880,122880,122880,122880,0,0,0,0,0,16
redraw_case,320,480,20,8,1,0,2,1,31106,0,334,417,24995,25563,24995,25563,24995,25563,596,122880,0,29,0,32
redraw_case,320,480,20,8,1,0,2,2,153600,0,746,1193,122880,122880,122880,122880,122880,122880,0,0,0,0,0,16
redraw_case,320,480,20,8,1,0,8,0,153600,0,578,1157,122880,122880,122880,122880,122880,122880,0,0,0,0,0,16
redraw_case,320,480,20,8,1,0,8,1,31018,0,302,385,25006,25273,25006,25273,25006,25273,1161,122880,0,29,0,32
redraw_case,320,480,20,8,1,0,8,2,153600,0,622,1195,122880,122880,122880,122880,122880,122880,0,0,0,0,0,16
redraw_case,320,480,20,8,1,0,24,0,153600,0,603,1192,122880,122880,122880,122880,122880,122880,0,0,0,0,0,16
redraw_case,320,480,20,8,1,0,24,1,31090,0,306,386,25006,25273,25006,25273,25006,25273,1160,122880,0,29,0,32
redraw_case,320,480,20,8,1,0,24,2,153600,0,610,1176,122880,122880,122880,122880,122880,122880,0,0,0,0,0,16
redraw_case,320,480,20,8,1,1,2,0,153600,0,351,500,122880,122880,122880,122880,122880,122880,0,0,0,0,0,1
redraw_case,320,480,20,8,1,1,2,1,153600,0,315,450,122880,122880,122880,122880,122880,122880,351,122880,0,0,0,2
redraw_case,320,480,20,8,1,1,2,2,153600,0,407,581,122880,122880,122880,122880,122880,122880,0,0,0,0,0,1
redraw_case,320,480,20,8,1,1,8,0,153600,0,394,572,122880,122880,122880,122880,122880,122880,0,0,0,0,0,1
redraw_case,320,480,20,8,1,1,8,1,153600,0,323,481,122880,122880,122880,122880,122880,122880,520,122880,0,0,0,2
redraw_case,320,480,20,8,1,1,8,2,153600,0,407,584,122880,122880,122880,122880,122880,122880,0,0,0,0,0,1
redraw_case,320,480,20,8,1,1,24,0,153600,0,381,561,122880,122880,122880,122880,122880,122880,0,0,0,0,0,1
redraw_case,320,480,20,8,1,1,24,1,153600,0,320,480,122880,122880,122880,122880,122880,122880,551,122880,0,0,0,2
redraw_case,320,480,20,8,1,1,24,2,153600,0,397,567,122880,122880,122880,122880,122880,122880,0,0,0,0,0,1
redraw_case,320,480,20,8,3,0,2,0,153600,0,830,1276,122880,122880,122880,122880,122880,122880,0,0,0,0,0,16
redraw_case,320,480,20,8,3,0,2,1,31106,0,441,585,24995,25563,24995,25563,24995,25563,683,122880,0,29,0,32
redraw_case,320,480,20,8,3,0,2,2,153600,0,868,1337,122880,122880,122880,122880,122880,122880,0,0,0,0,0,16
redraw_case,320,480,20,8,3,0,8,0,153600,0,661,1243,122880,122880,122880,122880,122880,122880,0,0,0,0,0,16
redraw_case,320,480,20,8,3,0,8,1,31018,0,377,475,25006,25273,25006,25273,25006,25273,1213,122880,0,29,0,32
redraw_case,320,480,20,8,3,0,8,2,153600,0,660,1258,122880,122880,122880,122880,122880,122880,0,0,0,0,0,16
redraw_case,320,480,20,8,3,0,24,0,153600,0,816,1704,122880,122880,122880,122880,122880,122880,0,0,0,0,0,16
redraw_case,320,480,20,8,3,0,24,1,31090,0,429,582,25006,25273,25006,25274,25006,25274,1445,122880,0,29,0,32
redraw_case,320,480,20,8,3,0,24,2,153600,0,726,1383,122880,122880,122880,122880,122880,122880,0,0,0,0,0,16
redraw_case,320,480,20,8,3,1,2,0,153600,0,445,606,122880,122880,122880,122880,122880,122880,0,0,0,0,0,1
redraw_case,320,480,20,8,3,1,2,1,153600,0,375,500,122880,122880,122880,122880,122880,122880,381,122880,0,0,0,2
redraw_case,320,480,20,8,3,1,2,2,153600,0,424,578,122880,122880,122880,122880,122880,122880,0,0,0,0,0,1
redraw_case,320,480,20,8,3,1,8,0,153600,0,408,574,122880,122880,122880,122880,122880,122880,0,0,0,0,0,1
redraw_case,320,480,20,8,3,1,8,1,153600,0,376,540,122880,122880,122880,122880,122880,122880,607,122880,0,0,0,2
redraw_case,320,480,20,8,3,1,8,2,153600,0,469,653,122880,122880,122880,122880,122880,122880,0,0,0,0,0,1
redraw_case,320,480,20,8,3,1,24,0,153600,0,437,618,122880,122880,122880,122880,122880,122880,0,0,0,0,0,1
redraw_case,320,480,20,8,3,1,24,1,153600,0,376,536,122880,122880,122880,122880,122880,122880,631,122880,0,0,0,2
redraw_case,320,480,20,8,3,1,24,2,153600,0,450,632,122880,122880,122880,122880,122880,122880,0,0,0,0,0,1
redraw_case,320,480,20,32,0,0,2,0,153600,0,698,1158,122880,122880,122880,122880,122880,122880,0,0,0,0,0,64
redraw_case,320,480,20,32,0,0,2,1,24575,0,157,246,19633,20051,20000,20051,19634,20051,511,122880,0,29,0,64
redraw_case,320,480,20,32,0,0,2,2,640,152960,138,234,512,512,20000,260000,512,512,0,0,0,0,200,64
redraw_case,320,480,20,32,0,0,8,0,153600,0,492,1143,122880,122880,122880,122880,122880,122880,0,0,0,0,0,64
redraw_case,320,480,20,32,0,0,8,1,24569,0,114,233,19494,20051,20000,20052,19495,20051,1111,122880,0,29,0,64
redraw_case,320,480,20,32,0,0,8,2,2560,151040,144,231,2048,2048,80000,80000,2048,2048,0,0,0,0,207,64
redraw_case,320,480,20,32,0,0,24,0,153600,0,496,1149,122880,122880,122880,122880,122880,122880,0,0,0,0,0,64
redraw_case,320,480,20,32,0,0,24,1,24569,0,115,242,19494,20051,20000,20052,19495,20051,1121,122880,0,29,0,64
redraw_case,320,480,20,32,0,0,24,2,7680,145920,157,233,6144,6144,20000,40000,6144,6144,0,0,0,0,75,64
redraw_case,320,480,20,32,0,1,2,0,153600,0,595,838,122880,122880,122880,122880,122880,122880,0,0,0,0,0,64
redraw_case,320,480,20,32,0,1,2,1,153600,0,598,820,122880,122880,122880,122880,122880,122880,393,122880,0,0,0,64
redraw_case,320,480,20,32,0,1,2,2,640,152960,127,150,512,512,20000,20000,512,512,0,0,0,0,0,64
redraw_case,320,480,20,32,0,1,8,0,153600,0,392,765,122880,122880,122880,122880,122880,122880,0,0,0,0,0,64
redraw_case,320,480,20,32,0,1,8,1,153600,0,406,758,122880,122880,122880,122880,122880,122880,739,122880,0,0,0,64
redraw_case,320,480,20,32,0,1,8,2,2560,151040,139,167,2048,2048,20000,20000,2048,2048,0,0,0,0,0,64
redraw_case,320,480,20,32,0,1,24,0,153600,0,431,865,122880,122880,122880,122880,122880,122880,0,0,0,0,0,64
redraw_case,320,480,20,32,0,1,24,1,153600,0,435,814,122880,122880,122880,122880,122880,122880,746,122880,0,0,0,64
redraw_case,320,480,20,32,0,1,24,2,7680,145920,140,173,6144,6144,20000,20000,6144,6144,0,0,0,0,0,64
redraw_case,320,480,20,32,1,0,2,0,153600,0,1140,1621,122880,122880,122880,122880,122880,122880,0,0,0,0,0,16
redraw_case,320,480,20,32,1,0,2,1,31106,0,440,556,24995,25563,24995,25563,24995,25563,905,122880,0,29,0,32
redraw_case,320,480,20,32,1,0,2,2,153600,0,1155,1642,122880,122880,122880,122880,122880,122880,0,0,0,0,0,16
redraw_case,320,480,20,32,1,0,8,0,153600,0,861,1584,122880,122880,122880,122880,122880,122880,0,0,0,0,0,16
redraw_case,320,480,20,32,1,0,8,1,31018,0,358,494,25006,25273,25006,25273,25006,25273,1558,122880,0,29,0,32
redraw_case,320,480,20,32,1,0,8,2,153600,0,943,1814,122880,122880,122880,122880,122880,122880,0,0,0,0,0,16
redraw_case,320,480,20,32,1,0,24,0,153600,0,987,1894,122880,122880,122880,122880,122880,122880,0,0,0,0,0,16
redraw_case,320,480,20,32,1,0,24,1,31090,0,384,533,25006,25273,25006,25273,25006,25273,1652,122880,0,29,0,32
redraw_case,320,480,20,32,1,0,24,2,153600,0,1049,1993,122880,122880,122880,122880,122880,122880,0,0,0,0,0,16
redraw_case,320,480,20,32,1,1,2,0,153600,0,991,1306,122880,122880,122880,122880,122880,122880,0,0,0,0,0,1
redraw_case,320,480,20,32,1,1,2,1,153600,0,923,1201,122880,122880,122880,122880,122880,122880,990,122880,0,0,0,2
redraw_case,320,480,20,32,1,1,2,2,153600,0,923,1201,122880,122880,122880,122880,122880,122880,0,0,0,0,0,1
redraw_case,320,480,20,32,1,1,8,0,153600,0,696,1094,122880,122880,122880,122880,122880,122880,0,0,0,0,0,1
redraw_case,320,480,20,32,1,1,8,1,153600,0,645,1068,122880,122880,122880,122880,122880,122880,1089,122880,0,0,0,2
redraw_case,320,480,20,32,1,1,8,2,153600,0,717,1123,122880,122880,122880,122880,122880,122880,0,0,0,0,0,1
redraw_case,320,480,20,32,1,1,24,0,153600,0,704,1122,122880,122880,122880,122880,122880,122880,0,0,0,0,0,1
redraw_case,320,480,20,32,1,1,24,1,153600,0,635,1050,122880,122880,122880,122880,122880,122880,1064,122880,0,0,0,2
redraw_case,320,480,20,32,1,1,24,2,153600,0,727,1173,122880,122880,122880,122880,122880,122880,0,0,0,0,0,1
redraw_case,320,480,20,32,3,0,2,0,153600,0,1230,1739,122880,122880,122880,122880,122880,122880,0,0,0,0,0,16
redraw_case,320,480,20,32,3,0,2,1,31106,0,499,613,24995,25563,24995,25563,24995,25563,932,122880,0,29,0,32
redraw_case,320,480,20,32,3,0,2,2,153600,0,1254,1712,122880,122880,122880,122880,122880,122880,0,0,0,0,0,16
redraw_case,320,480,20,32,3,0,8,0,153600,0,988,1749,122880,122880,122880,122880,122880,122880,0,0,0,0,0,16
redraw_case,320,480,20,32,3,0,8,1,31018,0,435,587,25006,25273,25006,25273,25006,25273,1668,122880,0,29,0,32
redraw_case,320,480,20,32,3,0,8,2,153600,0,992,1716,122880,122880,122880,122880,122880,122880,0,0,0,0,0,16
redraw_case,320,480,20,32,3,0,24,0,153600,0,1037,1866,122880,122880,122880,122880,122880,122880,0,0,0,0,0,16
redraw_case,320,480,20,32,3,0,24,1,31090,0,488,664,25006,25273,25006,25274,25006,25274,1848,122880,0,29,0,32
redraw_case,320,480,20,32,3,0,24,2,153600,0,976,1725,122880,122880,122880,122880,122880,122880,0,0,0,0,0,16
redraw_case,320,480,20,32,3,1,2,0,153600,0,987,1255,122880,122880,122880,122880,122880,122880,0,0,0,0,0,1
redraw_case,320,480,20,32,3,1,2,1,153600,0,915,1172,122880,122880,122880,122880,122880,122880,737,122880,0,0,0,2
redraw_case,320,480,20,32,3,1,2,2,153600,0,950,1235,122880,122880,122880,122880,122880,122880,0,0,0,0,0,1
redraw_case,320,480,20,32,3,1,8,0,153600,0,921,1504,122880,122880,122880,122880,122880,122880,0,0,0,0,0,1
redraw_case,320,480,20,32,3,1,8,1,153600,0,769,1283,122880,122880,122880,122880,122880,122880,1204,122880,0,0,0,2
redraw_case,320,480,20,32,3,1,8,2,153600,0,795,1247,122880,122880,122880,122880,122880,122880,0,0,0,0,0,1
redraw_case,320,480,20,32,3,1,24,0,153600,0,796,1262,122880,122880,122880,122880,122880,122880,0,0,0,0,0,1
redraw_case,320,480,20,32,3,1,24,1,153600,0,730,1200,122880,122880,122880,122880,122880,122880,1184,122880,0,0,0,2
redraw_case,320,480,20,32,3,1,24,2,153600,0,821,1289,122880,122880,122880,122880,122880,122880,0,0,0,0,0,1
redraw_case,320,480,100,0,0,0,2,0,153600,0,942,1363,122880,122880,122880,122880,122880,122880,0,0,0,0,0,128
redraw_case,320,480,100,0,0,0,2,1,24472,0,296,349,19574,19884,20000,20000,19574,19885,850,122880,0,29,0,128
redraw_case,320,480,100,0,0,0,2,2,640,152960,171,210,512,512,20000,260000,512,512,0,0,0,0,200,128
redraw_case,320,480,100,0,0,0,8,0,153600,0,791,1260,122880,122880,122880,122880,122880,122880,0,0,0,0,0,128
redraw_case,320,480,100,0,0,0,8,1,24476,0,268,304,19328,19884,20000,20000,19328,19885,1302,122880,0,29,0,128
redraw_case,320,480,100,0,0,0,8,2,2560,151040,173,213,2048,2048,80000,80000,2048,2048,0,0,0,0,207,128
redraw_case,320,480,100,0,0,0,24,0,153600,0,829,1335,122880,122880,122880,122880,122880,122880,0,0,0,0,0,128
redraw_case,320,480,100,0,0,0,24,1,24476,0,279,332,19328,19884,20000,20000,19328,19885,1346,122880,0,29,0,128
redraw_case,320,480,100,0,0,0,24,2,7680,145920,199,288,6144,6144,20000,40000,6144,6144,0,0,0,0,75,128
redraw_case,320,480,100,0,0,1,2,0,153600,0,126,160,122880,122880,122880,122880,122880,122880,0,0,0,0,0,128
redraw_case,320,480,100,0,0,1,2,1,153600,0,146,184,122880,122880,122880,122880,122880,122880,154,122880,0,0,0,128
redraw_case,320,480,100,0,0,1,2,2,640,152960,126,145,512,512,20000,20000,512,512,0,0,0,0,0,128
redraw_case,320,480,100,0,0,1,8,0,153600,0,122,174,122880,122880,122880,122880,122880,122880,0,0,0,0,0,128
redraw_case,320,480,100,0,0,1,8,1,153600,0,142,165,122880,122880,122880,122880,122880,122880,118,122880,0,0,0,128
redraw_case,320,480,100,0,0,1,8,2,2560,151040,122,142,2048,2048,20000,20000,2048,2048,0,0,0,0,0,128
redraw_case,320,480,100,0,0,1,24,0,153600,0,121,222,122880,122880,122880,122880,122880,122880,0,0,0,0,0,128
redraw_case,320,480,100,0,0,1,24,1,153600,0,148,253,122880,122880,122880,122880,122880,122880,126,122880,0,0,0,128
redraw_case,320,480,100,0,0,1,24,2,7680,145920,129,153,6144,6144,20000,20000,6144,6144,0,0,0,0,0,128
redraw_case,320,480,100,0,1,0,2,0,153600,0,1669,2177,122880,122880,122880,122880,122880,122880,0,0,0,0,0,16
redraw_case,320,480,100,0,1,0,2,1,31069,0,672,832,24958,25560,24960,25560,24959,25560,1558,122880,0,29,0,32
redraw_case,320,480,100,0,1,0,2,2,153600,0,1745,2224,122880,122880,122880,122880,122880,122880,0,0,0,0,0,16
redraw_case,320,480,100,0,1,0,8,0,153600,0,1750,2576,122880,122880,122880,122880,122880,122880,0,0,0,0,0,16
redraw_case,320,480,100,0,1,0,8,1,30996,0,746,828,25003,25193,25003,25194,25003,25194,2502,122880,0,29,0,32
redraw_case,320,480,100,0,1,0,8,2,153600,0,1574,2260,122880,122880,122880,122880,122880,122880,0,0,0,0,0,16
redraw_case,320,480,100,0,1,0,24,0,153600,0,1496,2178,122880,122880,122880,122880,122880,122880,0,0,0,0,0,16
redraw_case,320,480,100,0,1,0,24,1,31069,0,639,696,25003,25193,25003,25194,25003,25194,2141,122880,0,29,0,32
redraw_case,320,480,100,0,1,0,24,2,153600,0,1617,2358,122880,122880,122880,122880,122880,122880,0,0,0,0,0,16
redraw_case,320,480,100,0,1,1,2,0,153600,0,918,956,122880,122880,122880,122880,122880,122880,0,0,0,0,0,1
redraw_case,320,480,100,0,1,1,2,1,153600,0,522,570,122880,122880,122880,122880,122880,122880,850,122880,0,0,0,2
redraw_case,320,480,100,0,1,1,2,2,153600,0,925,1213,122880,122880,122880,122880,122880,122880,0,0,0,0,0,1
redraw_case,320,480,100,0,1,1,8,0,153600,0,835,895,122880,122880,122880,122880,122880,122880,0,0,0,0,0,1
redraw_case,320,480,100,0,1,1,8,1,153600,0,472,511,122880,122880,122880,122880,122880,122880,853,122880,0,0,0,2
redraw_case,320,480,100,0,1,1,8,2,153600,0,845,932,122880,122880,122880,122880,122880,122880,0,0,0,0,0,1
redraw_case,320,480,100,0,1,1,24,0,153600,0,833,959,122880,122880,122880,122880,122880,122880,0,0,0,0,0,1
redraw_case,320,480,100,0,1,1,24,1,153600,0,460,490,122880,122880,122880,122880,122880,122880,780,122880,0,0,0,2
redraw_case,320,480,100,0,1,1,24,2,153600,0,806,896,122880,122880,122880,122880,122880,122880,0,0,0,0,0,1
redraw_case,320,480,100,0,3,0,2,0,153600,0,1797,2318,122880,122880,122880,122880,122880,122880,0,0,0,0,0,16
redraw_case,320,480,100,0,3,0,2,1,31069,0,911,1032,24958,25560,24960,25560,24959,25560,1742,122880,0,29,0,32
redraw_case,320,480,100,0,3,0,2,2,153600,0,1849,2380,122880,122880,122880,122880,122880,122880,0,0,0,0,0,16
redraw_case,320,480,100,0,3,0,8,0,153600,0,1562,2206,122880,122880,122880,122880,122880,122880,0,0,0,0,0,16
redraw_case,320,480,100,0,3,0,8,1,30996,0,785,872,25003,25193,25003,25194,25003,25194,2132,122880,0,29,0,32
redraw_case,320,480,100,0,3,0,8,2,153600,0,1830,2637,122880,122880,122880,122880,122880,122880,0,0,0,0,0,16
redraw_case,320,480,100,0,3,0,24,0,153600,0,1623,2371,122880,122880,122880,122880,122880,122880,0,0,0,0,0,16
redraw_case,320,480,100,0,3,0,24,1,31069,0,799,910,25003,25193,25003,25194,25003,25194,2313,122880,0,29,0,32
redraw_case,320,480,100,0,3,0,24,2,153600,0,1706,2413,122880,122880,122880,122880,122880,122880,0,0,0,0,0,16
redraw_case,320,480,100,0,3,1,2,0,153600,0,940,993,122880,122880,122880,122880,122880,122880,0,0,0,0,0,1
redraw_case,320,480,100,0,3,1,2,1,153600,0,626,651,122880,122880,122880,122880,122880,122880,881,122880,0,0,0,2
redraw_case,320,480,100,0,3,1,2,2,153600,0,945,1013,122880,122880,122880,122880,122880,122880,0,0,0,0,0,1
redraw_case,320,480,100,0,3,1,8,0,153600,0,940,1190,122880,122880,122880,122880,122880,122880,0,0,0,0,0,1
redraw_case,320,480,100,0,3,1,8,1,153600,0,661,702,122880,122880,122880,122880,122880,122880,1027,122880,0,0,0,2
redraw_case,320,480,100,0,3,1,8,2,153600,0,980,1059,122880,122880,122880,122880,122880,122880,0,0,0,0,0,1
redraw_case,320,480,100,0,3,1,24,0,153600,0,915,992,122880,122880,122880,122880,122880,122880,0,0,0,0,0,1
redraw_case,320,480,100,0,3,1,24,1,153600,0,617,677,122880,122880,122880,122880,122880,122880,920,122880,0,0,0,2
redraw_case,320,480,100,0,3,1,24,2,153600,0,916,1026,122880,122880,122880,122880,122880,122880,0,0,0,0,0,1
redraw_case,320,480,100,8,0,0,2,0,153600,0,898,1396,122880,122880,122880,122880,122880,122880,0,0,0,0,0,128
redraw_case,320,480,100,8,0,0,2,1,24472,0,294,364,19574,19884,20000,20000,19574,19885,825,122880,0,29,0,128
redraw_case,320,480,100,8,0,0,2,2,640,152960,173,193,512,512,20000,260000,512,512,0,0,0,0,200,128
redraw_case,320,480,100,8,0,0,8,0,153600,0,868,1429,122880,122880,122880,122880,122880,122880,0,0,0,0,0,128
redraw_case,320,480,100,8,0,0,8,1,24476,0,324,439,19328,19884,20000,20000,19328,19885,1873,122880,0,29,0,128
redraw_case,320,480,100,8,0,0,8,2,2560,151040,217,289,2048,2048,80000,80000,2048,2048,0,0,0,0,207,128
redraw_case,320,480,100,8,0,0,24,0,153600,0,977,1652,122880,122880,122880,122880,122880,122880,0,0,0,0,0,128
redraw_case,320,480,100,8,0,0,24,1,24476,0,328,439,19328,19884,20000,20000,19328,19885,1651,122880,0,29,0,128
redraw_case,320,480,100,8,0,0,24,2,7680,145920,227,333,6144,6144,20000,40000,6144,6144,0,0,0,0,75,128
redraw_case,320,480,100,8,0,1,2,0,153600,0,154,266,122880,122880,122880,122880,122880,122880,0,0,0,0,0,128
redraw_case,320,480,100,8,0,1,2,1,153600,0,176,273,122880,122880,122880,122880,122880,122880,126,122880,0,0,0,128
redraw_case,320,480,100,8,0,1,2,2,640,152960,127,140,512,512,20000,20000,512,512,0,0,0,0,0,128
redraw_case,320,480,100,8,0,1,8,0,153600,0,133,265,122880,122880,122880,122880,122880,122880,0,0,0,0,0,128
redraw_case,320,480,100,8,0,1,8,1,153600,0,164,285,122880,122880,122880,122880,122880,122880,258,122880,0,0,0,128
redraw_case,320,480,100,8,0,1,8,2,2560,151040,128,143,2048,2048,20000,20000,2048,2048,0,0,0,0,0,128
redraw_case,320,480,100,8,0,1,24,0,153600,0,127,248,122880,122880,122880,122880,122880,122880,0,0,0,0,0,128
redraw_case,320,480,100,8,0,1,24,1,153600,0,145,263,122880,122880,122880,122880,122880,122880,241,122880,0,0,0,128
redraw_case,320,480,100,8,0,1,24,2,7680,145920,126,190,6144,6144,20000,20000,6144,6144,0,0,0,0,0,128
redraw_case,320,480,100,8,1,0,2,0,153600,0,1648,2261,122880,122880,122880,122880,122880,122880,0,0,0,0,0,16
redraw_case,320,480,100,8,1,0,2,1,31069,0,666,792,24958,25560,24960,25560,24958,25560,1471,122880,0,29,0,32
redraw_case,320,480,100,8,1,0,2,2,153600,0,1776,2234,122880,122880,122880,122880,122880,122880,0,0,0,0,0,16
redraw_case,320,480,100,8,1,0,8,0,153600,0,1454,2248,122880,122880,122880,122880,122880,122880,0,0,0,0,0,16
redraw_case,320,480,100,8,1,0,8,1,30996,0,672,743,25003,25193,25003,25194,25003,25194,2305,122880,0,29,0,32
redraw_case,320,480,100,8,1,0,8,2,153600,0,1531,2323,122880,122880,122880,122880,122880,122880,0,0,0,0,0,16
redraw_case,320,480,100,8,1,0,24,0,153600,0,1530,2312,122880,122880,122880,122880,122880,122880,0,0,0,0,0,16
redraw_case,320,480,100,8,1,0,24,1,31069,0,811,1123,25003,25193,25003,25194,25003,25194,2642,122880,0,29,0,32
redraw_case,320,480,100,8,1,0,24,2,153600,0,1596,2440,122880,122880,122880,122880,122880,122880,0,0,0,0,0,16
redraw_case,320,480,100,8,1,1,2,0,153600,0,904,1100,122880,122880,122880,122880,122880,122880,0,0,0,0,0,1
redraw_case,320,480,100,8,1,1,2,1,153600,0,590,745,122880,122880,122880,122880,122880,122880,876,122880,0,0,0,2
redraw_case,320,480,100,8,1,1,2,2,153600,0,955,1194,122880,122880,122880,122880,122880,122880,0,0,0,0,0,1
redraw_case,320,480,100,8,1,1,8,0,153600,0,736,924,122880,122880,122880,122880,122880,122880,0,0,0,0,0,1
redraw_case,320,480,100,8,1,1,8,1,153600,0,443,604,122880,122880,122880,122880,122880,122880,943,122880,0,0,0,2
redraw_case,320,480,100,8,1,1,8,2,153600,0,803,1033,122880,122880,122880,122880,122880,122880,0,0,0,0,0,1
redraw_case,320,480,100,8,1,1,24,0,153600,0,823,1031,122880,122880,122880,122880,122880,122880,0,0,0,0,0,1
redraw_case,320,480,100,8,1,1,24,1,153600,0,486,664,122880,122880,122880,122880,122880,122880,1017,122880,0,0,0,2
redraw_case,320,480,100,8,1,1,24,2,153600,0,835,1056,122880,122880,122880,122880,122880,122880,0,0,0,0,0,1
redraw_case,320,480,100,8,3,0,2,0,153600,0,1810,2348,122880,122880,122880,122880,122880,122880,0,0,0,0,0,16
redraw_case,320,480,100,8,3,0,2,1,31069,0,820,947,24958,25560,24960,25560,24958,25560,2006,122880,0,29,0,32
redraw_case,320,480,100,8,3,0,2,2,153600,0,1789,2403,122880,122880,122880,122880,122880,122880,0,0,0,0,0,16
redraw_case,320,480,100,8,3,0,8,0,153600,0,1881,2730,122880,122880,122880,122880,122880,122880,0,0,0,0,0,16
redraw_case,320,480,100,8,3,0,8,1,30996,0,843,1063,25003,25193,25003,25194,25003,25194,2333,122880,0,29,0,32
redraw_case,320,480,100,8,3,0,8,2,153600,0,1722,2553,122880,122880,122880,122880,122880,122880,0,0,0,0,0,16
redraw_case,320,480,100,8,3,0,24,0,153600,0,1594,2391,122880,122880,122880,122880,122880,122880,0,0,0,0,0,16
redraw_case,320,480,100,8,3,0,24,1,31069,0,803,882,25003,25193,25003,25194,25003,25194,2323,122880,0,29,0,32
redraw_case,320,480,100,8,3,0,24,2,153600,0,1600,2368,122880,122880,122880,122880,122880,122880,0,0,0,0,0,16
redraw_case,320,480,100,8,3,1,2,0,153600,0,985,1193,122880,122880,122880,122880,122880,122880,0,0,0,0,0,1
redraw_case,320,480,100,8,3,1,2,1,153600,0,788,1062,122880,122880,122880,122880,122880,122880,1540,122880,0,0,0,2
redraw_case,320,480,100,8,3,1,2,2,153600,0,1202,1505,122880,122880,122880,122880,122880,122880,0,0,0,0,0,1
redraw_case,320,480,100,8,3,1,8,0,153600,0,1445,1866,122880,122880,122880,122880,122880,122880,0,0,0,0,0,1
redraw_case,320,480,100,8,3,1,8,1,153600,0,1223,1923,122880,122880,122880,122880,122880,122880,1863,122880,0,0,0,2
redraw_case,320,480,100,8,3,1,8,2,153600,0,1396,1744,122880,122880,122880,122880,122880,122880,0,0,0,0,0,1
redraw_case,320,480,100,8,3,1,24,0,153600,0,1161,1444,122880,122880,122880,122880,122880,122880,0,0,0,0,0,1
redraw_case,320,480,100,8,3,1,24,1,153600,0,652,837,122880,122880,122880,122880,122880,122880,1160,122880,0,0,0,2
redraw_case,320,480,100,8,3,1,24,2,153600,0,1005,1232,122880,122880,122880,122880,122880,122880,0,0,0,0,0,1
redraw_case,320,480,100,32,0,0,2,0,153600,0,1436,1971,122880,122880,122880,122880,122880,122880,0,0,0,0,0,128
redraw_case,320,480,100,32,0,0,2,1,24472,0,380,475,19574,19884,20000,20000,19574,19885,1149,122880,0,29,0,128
redraw_case,320,480,100,32,0,0,2,2,640,152960,206,312,512,512,20000,260000,512,512,0,0,0,0,200,128
redraw_case,320,480,100,32,0,0,8,0,153600,0,1300,2317,122880,122880,122880,122880,122880,122880,0,0,0,0,0,128
redraw_case,320,480,100,32,0,0,8,1,24476,0,358,508,19328,19884,20000,20000,19328,19885,2219,122880,0,29,0,128
redraw_case,320,480,100,32,0,0,8,2,2560,151040,225,273,2048,2048,80000,80000,2048,2048,0,0,0,0,207,128
redraw_case,320,480,100,32,0,0,24,0,153600,0,1171,2081,122880,122880,122880,122880,122880,122880,0,0,0,0,0,128
redraw_case,320,480,100,32,0,0,24,1,24476,0,342,511,19328,19884,20000,20000,19328,19885,1967,122880,0,29,0,128
redraw_case,320,480,100,32,0,0,24,2,7680,145920,225,328,6144,6144,20000,40000,6144,6144,0,0,0,0,75,128
redraw_case,320,480,100,32,0,1,2,0,153600,0,586,798,122880,122880,122880,122880,122880,122880,0,0,0,0,0,128
redraw_case,320,480,100,32,0,1,2,1,153600,0,602,827,122880,122880,122880,122880,122880,122880,398,122880,0,0,0,128
redraw_case,320,480,100,32,0,1,2,2,640,152960,133,161,512,512,20000,20000,512,512,0,0,0,0,0,128
redraw_case,320,480,100,32,0,1,8,0,153600,0,426,814,122880,122880,122880,122880,122880,122880,0,0,0,0,0,128
redraw_case,320,480,100,32,0,1,8,1,153600,0,442,828,122880,122880,122880,122880,122880,122880,812,122880,0,0,0,128
redraw_case,320,480,100,32,0,1,8,2,2560,151040,145,165,2048,2048,20000,20000,2048,2048,0,0,0,0,0,128
redraw_case,320,480,100,32,0,1,24,0,153600,0,486,897,122880,122880,122880,122880,122880,122880,0,0,0,0,0,128
redraw_case,320,480,100,32,0,1,24,1,153600,0,571,1020,122880,122880,122880,122880,122880,122880,896,122880,0,0,0,128
redraw_case,320,480,100,32,0,1,24,2,7680,145920,175,215,6144,6144,20000,20000,6144,6144,0,0,0,0,0,128
redraw_case,320,480,100,32,1,0,2,0,153600,0,3266,4847,122880,122880,122880,122880,122880,122880,0,0,0,0,0,16
redraw_case,320,480,100,32,1,0,2,1,31069,0,1262,1480,24958,25560,24960,25560,24959,25560,2914,122880,0,29,0,32
redraw_case,320,480,100,32,1,0,2,2,153600,0,3270,4303,122880,122880,122880,122880,122880,122880,0,0,0,0,0,16
redraw_case,320,480,100,32,1,0,8,0,153600,0,2035,3078,122880,122880,122880,122880,122880,122880,0,0,0,0,0,16
redraw_case,320,480,100,32,1,0,8,1,30996,0,741,897,25003,25193,25003,25194,25003,25194,2792,122880,0,29,0,32
redraw_case,320,480,100,32,1,0,8,2,153600,0,2236,3395,122880,122880,122880,122880,122880,122880,0,0,0,0,0,16
redraw_case,320,480,100,32,1,0,24,0,153600,0,1927,2935,122880,122880,122880,122880,122880,122880,0,0,0,0,0,16
redraw_case,320,480,100,32,1,0,24,1,31069,0,709,873,25003,25193,25003,25194,25003,25194,2726,122880,0,29,0,32
redraw_case,320,480,100,32,1,0,24,2,153600,0,1880,2834,122880,122880,122880,122880,122880,122880,0,0,0,0,0,16
redraw_case,320,480,100,32,1,1,2,0,153600,0,1385,1686,122880,122880,122880,122880,122880,122880,0,0,0,0,0,1
redraw_case,320,480,100,32,1,1,2,1,153600,0,1043,1344,122880,122880,122880,122880,122880,122880,1154,122880,0,0,0,2
redraw_case,320,480,100,32,1,1,2,2,153600,0,1397,1740,122880,122880,122880,122880,122880,122880,0,0,0,0,0,1
redraw_case,320,480,100,32,1,1,8,0,153600,0,1140,1626,122880,122880,122880,122880,122880,122880,0,0,0,0,0,1
redraw_case,320,480,100,32,1,1,8,1,153600,0,809,1307,122880,122880,122880,122880,122880,122880,1580,122880,0,0,0,2
redraw_case,320,480,100,32,1,1,8,2,153600,0,1309,1861,122880,122880,122880,122880,122880,122880,0,0,0,0,0,1
redraw_case,320,480,100,32,1,1,24,0,153600,0,1247,1729,122880,122880,122880,122880,122880,122880,0,0,0,0,0,1
redraw_case,320,480,100,32,1,1,24,1,153600,0,987,1490,122880,122880,122880,122880,122880,122880,1824,122880,0,0,0,2
redraw_case,320,480,100,32,1,1,24,2,153600,0,1273,1806,122880,122880,122880,122880,122880,122880,0,0,0,0,0,1
redraw_case,320,480,100,32,3,0,2,0,153600,0,2200,2865,122880,122880,122880,122880,122880,122880,0,0,0,0,0,16
redraw_case,320,480,100,32,3,0,2,1,31069,0,1033,1217,24958,25560,24960,25560,24958,25560,2139,122880,0,29,0,32
redraw_case,320,480,100,32,3,0,2,2,153600,0,2629,3334,122880,122880,122880,122880,122880,122880,0,0,0,0,0,16
redraw_case,320,480,100,32,3,0,8,0,153600,0,1900,2825,122880,122880,122880,122880,122880,122880,0,0,0,0,0,16
redraw_case,320,480,100,32,3,0,8,1,30996,0,845,1006,25003,25193,25003,25194,25003,25194,2718,122880,0,29,0,32
redraw_case,320,480,100,32,3,0,8,2,153600,0,1897,2802,122880,122880,122880,122880,122880,122880,0,0,0,0,0,16
redraw_case,320,480,100,32,3,0,24,0,153600,0,1925,2839,122880,122880,122880,122880,122880,122880,0,0,0,0,0,16
redraw_case,320,480,100,32,3,0,24,1,31069,0,861,1047,25003,25193,25003,25194,25003,25194,2811,122880,0,29,0,32
redraw_case,320,480,100,32,3,0,24,2,153600,0,1871,2788,122880,122880,122880,122880,122880,122880,0,0,0,0,0,16
redraw_case,320,480,100,32,3,1,2,0,153600,0,1558,1994,122880,122880,122880,122880,122880,122880,0,0,0,0,0,1
redraw_case,320,480,100,32,3,1,2,1,153600,0,1308,1561,122880,122880,122880,122880,122880,122880,1402,122880,0,0,0,2
redraw_case,320,480,100,32,3,1,2,2,153600,0,1904,2251,122880,122880,122880,122880,122880,122880,0,0,0,0,0,1
redraw_case,320,480,100,32,3,1,8,0,153600,0,1482,1986,122880,122880,122880,122880,122880,122880,0,0,0,0,0,1
redraw_case,320,480,100,32,3,1,8,1,153600,0,1060,1539,122880,122880,122880,122880,122880,122880,1849,122880,0,0,0,2
redraw_case,320,480,100,32,3,1,8,2,153600,0,2206,3116,122880,122880,122880,122880,122880,122880,0,0,0,0,0,1
redraw_case,320,480,100,32,3,1,24,0,153600,0,1738,2497,122880,122880,122880,122880,122880,122880,0,0,0,0,0,1
redraw_case,320,480,100,32,3,1,24,1,153600,0,1339,1915,122880,122880,122880,122880,122880,122880,2150,122880,0,0,0,2
redraw_case,320,480,100,32,3,1,24,2,153600,0,1480,2038,122880,122880,122880,122880,122880,122880,0,0,0,0,0,1
